ncessch,school_name,city_location,state_location,school_level,enrollment
340000406015,Chatham Middle School,CHATHAM,NJ,2,995.0
340000800248,Great Meadows Regional Middle School,GREAT MEADOWS,NJ,2,345.0
340000900178,Bernardsville Middle School,Bernardsville,NJ,2,526.0
340002000282,Discovery Charter School,NEWARK,NJ,2,112.0
340005200351,Classical Academy Charter School of Clifton,CLIFTON,NJ,2,167.0
340005500361,Sussex County Technology Charter School,SPARTA,NJ,2,226.0
340066000004,Emma C Attales,ABSECON,NJ,2,380.0
340069002954,Alexandria Middle School,Pittstown,NJ,2,275.0
340071903017,Pride Academy Charter School,EAST ORANGE,NJ,2,286.0
340072005788,Allamuchy Township School,ALLAMUCHY,NJ,2,283.0
340072303015,Paul Robeson Charter School for the Humanities,TRENTON,NJ,2,381.0
340075000224,Brookside School,Allendale,NJ,2,513.0
340077303275,Link Community Charter School,Newark,NJ,2,306.0
340079403457,Achievers Early College Prep Charter School,Trenton,NJ,2,172.0
340080503481,Creativity CoLaboratory Charter School,Elmer,NJ,2,95.0
340090005326,Long Pond School,NEWTON,NJ,2,207.0
340093003742,Dr. Martin Luther King Middle School,ASBURY PARK,NJ,2,322.0
340111001702,Avalon Elementary School,AVALON,NJ,2,86.0
340117001312,Woodland Middle School,BARRINGTON,NJ,2,262.0
340135001956,Belleville Middle School,BELLEVILLE,NJ,2,698.0
340138001316,Bell Oaks Upper Elementary School,BELLMAWR,NJ,2,484.0
340150000278,Roy W. Brown Middle School,BERGENFIELD,NJ,2,852.0
340153005436,Columbia Middle School,BERKELEY HTS,NJ,2,583.0
340156006125,Berkeley Township Elementary School,BAYVILLE,NJ,2,619.0
340162001328,Dwight D Eisenhower Middle School,West Berlin,NJ,2,332.0
340165005126,William Annin Middle School,Basking Ridge,NJ,2,1282.0
340171002958,Ethel Hoppock Middle School,ASBURY,NJ,2,117.0
340183001982,Bloomfield Middle School,Bloomfield,NJ,2,1066.0
340186004758,Walter T. Bergen Middle School,BLOOMINGDALE,NJ,2,241.0
340195004156,John Hill School,BOONTON,NJ,2,538.0
340203000801,Bordentown Regional Middle School,BORDENTOWN,NJ,2,590.0
340210003331,Smalley Elementary School,Bound Brook,NJ,2,428.0
340210003340,Community Middle School,Bound Brook,NJ,2,271.0
340216005154,Branchburg Central Middle School,Branchburg,NJ,2,504.0
340222004590,Lake Riviera Middle School,BRICK,NJ,2,942.0
340222004602,Veterans Memorial Middle School,BRICK TOWN,NJ,2,1008.0
340228005162,Bridgewater-Raritan Middle School,Bridgewater,NJ,2,1405.0
340228005172,Eisenhower Intermediate School,Bridgewater,NJ,2,747.0
340228005178,Hillside Intermediate School,Bridgewater,NJ,2,607.0
340240000046,Buena Regional Middle School,BUENA,NJ,2,364.0
340246002939,Burlington Township Middle School at Springside,BURLINGTON,NJ,2,928.0
340252004170,Richard Butler School,BUTLER,NJ,2,314.0
340255005334,Byram Intermediate School,STANHOPE,NJ,2,361.0
340258002010,Grover Cleveland Middle School,CALDWELL,NJ,2,643.0
340282003274,Carteret Middle School,CARTERET,NJ,2,883.0
340285006025,Memorial Middle School,Cedar Grove,NJ,2,500.0
340291005928,Central Regional Middle School,BAYVILLE,NJ,2,820.0
340300000265,Rosa International Middle School,CHERRY HILL,NJ,2,788.0
340300001426,John A. Carusi Middle School,CHERRY HILL,NJ,2,974.0
340300001436,Henry C. Beck Middle School,CHERRY HILL,NJ,2,850.0
340306004194,Black River Middle School,Chester,NJ,2,412.0
340312001024,Cinnaminson Middle School,CINNAMINSON,NJ,2,635.0
340315005452,Carl H. Kumpf School,CLARK,NJ,2,518.0
340318002502,Clayton Middle School,CLAYTON,NJ,2,362.0
340321002508,Clearview Regional Middle School,MULLICA HILL,NJ,2,800.0
340327000312,School #6/Middle School,CLIFFSIDE PARK,NJ,2,712.0
340330004764,Christopher Columbus Middle School,CLIFTON,NJ,2,1200.0
340330004766,Woodrow Wilson Middle School,CLIFTON,NJ,2,1277.0
340336002935,Clinton Township Middle School,CLINTON,NJ,2,466.0
340339000318,Tenakill Middle School,CLOSTER,NJ,2,535.0
340342001476,Collingswood Middle School,COLLINGSWOOD,NJ,2,486.0
340345003760,Cedar Drive Middle School,COLTS NECK,NJ,2,337.0
340348001812,Port Norris Middle School,PORT NORRIS,NJ,2,154.0
340357005462,Orange Avenue School,CRANFORD,NJ,2,705.0
340360002993,Cresskill Middle School,CRESSKILL,NJ,2,457.0
340369001036,Walnut Street School,DELANCO,NJ,2,152.0
340378001042,Delran Middle School,DELRAN,NJ,2,718.0
340381000334,Demarest Middle School,DEMAREST,NJ,2,329.0
340384006115,Dennis Township Elementary/Middle Schools,DENNISVILLE,NJ,2,281.0
340387004208,Valleyview Middle School,DENVILLE,NJ,2,595.0
340390002514,Monongahela Middle School,SEWELL,NJ,2,677.0
340393000005,Dover Middle School,DOVER,NJ,2,551.0
340402000149,Lincoln Middle School,DUNELLEN,NJ,2,290.0
340411003298,Hammarskjold Middle School,E BRUNSWICK,NJ,2,1343.0
340417004230,East Hanover Middle School,EAST HANOVER,NJ,2,290.0
340423005930,John L. Costley Middle School,EAST ORANGE,NJ,2,399.0
340423005931,Patrick F. Healy Middle School,EAST ORANGE,NJ,2,432.0
340423005932,Sojourner Truth Middle School,EAST ORANGE,NJ,2,398.0
340429000352,Alfred S. Faust,East Rutherford,NJ,2,302.0
340432003060,Melvin H. Kreps Middle School,EAST WINDSOR,NJ,2,1240.0
340441003768,Margaret L Vetter,EATONTOWN,NJ,2,198.0
340441003770,Memorial Middle School,EATONTOWN,NJ,2,221.0
340447001064,Samuel M Ridgway Middle School,EDGEWATER PARK,NJ,2,406.0
340450003328,John Adams Middle School,EDISON,NJ,2,967.0
340450003330,Herbert Hoover Middle School,EDISON,NJ,2,968.0
340450003332,Thomas Jefferson Middle School,EDISON,NJ,2,824.0
340450003334,Woodrow Wilson Middle School,EDISON,NJ,2,1273.0
340453000076,Egg Harbor City Community School,EGG HARBOR CITY,NJ,2,236.0
340456002953,Alder Avenue Middle School,EGG HARBOR TOWNSHIP,NJ,2,851.0
340456002955,Fernwood Avenue Middle School,EGG HARBOR TOWNSHIP,NJ,2,911.0
340459000013,Terence C. Reilly School No 7,ELIZABETH,NJ,2,1126.0
340459005524,William F. Halloran School No.22,ELIZABETH,NJ,2,1116.0
340466000075,Memorial Middle School,ELMWOOD PARK,NJ,2,649.0
340474000394,Janis E. Dismus Middle School,ENGLEWOOD,NJ,2,571.0
340477000406,Upper School,ENGLEWOOD CLIFFS,NJ,2,318.0
340489000057,Frances DeMasi Middle School,MARLTON,NJ,2,761.0
340489001074,Marlton Middle,MARLTON,NJ,2,826.0
340492003070,Gilmore J Fisher Middle School,EWING,NJ,2,808.0
340495003778,Knollwood School,FAIR HAVEN,NJ,2,577.0
340498000053,Thomas Jefferson Middle School,FAIR LAWN,NJ,2,751.0
340498000414,Memorial Middle School,FAIR LAWN,NJ,2,465.0
340501002088,Winston Churchill,FAIRFIELD,NJ,2,290.0
340507000436,Lincoln School,FAIRVIEW,NJ,2,585.0
340519000541,J.P. Case Middle School,FLEMINGTON,NJ,2,777.0
340519002986,Reading-Fleming Intermediate School,FLEMINGTON,NJ,2,657.0
340522006066,Florence Riverfront School,FLORENCE,NJ,2,679.0
340525004238,Ridgedale Middle School,FLORHAM PARK,NJ,2,328.0
340531000452,Lewis F. Cole Middle School,FORT LEE,NJ,2,1265.0
340537000117,Franklin Avenue Middle School,Franklin Lakes,NJ,2,407.0
340543002544,Caroline L. Reutter School,FRANKLINVILLE,NJ,2,429.0
340549000563,Franklin Middle School at Sampson G. Smith Campus,Somerset,NJ,2,816.0
340549005212,Franklin Middle School at Hamilton Street Campus,Somerset,NJ,2,687.0
340558003790,Freehold Intermediate School,FREEHOLD,NJ,2,530.0
340564003814,Clifton T. Barkalow School,FREEHOLD,NJ,2,681.0
340564003816,Dwight D. Eisenhower School,FREEHOLD,NJ,2,654.0
340573000383,Galloway Township Middle School,GALLOWAY,NJ,2,768.0
340576000470,Garfield Middle School,GARFIELD,NJ,2,1043.0
340588002564,Glassboro Intermediate School,Glassboro,NJ,2,297.0
340588002568,Thomas E. Bowe School,Glassboro,NJ,2,421.0
340597000077,Glen Rock Middle School,GLEN ROCK,NJ,2,601.0
340600003401,Gloucester City Middle School,Gloucester City,NJ,2,787.0
340603000131,Ann A. Mullen Middle School,SICKLERVILLE,NJ,2,837.0
340603001510,Charles W. Lewis Middle School,BLACKWOOD,NJ,2,673.0
340603001516,Glen Landing Middle School,BLACKWOOD,NJ,2,705.0
340612005216,Green Brook Middle School,Green Brook,NJ,2,393.0
340618006091,Nehaunsey Middle School,GIBBSTOWN,NJ,2,146.0
340621005810,Stewartsville Middle School,STEWARTSVILLE,NJ,2,246.0
340627003191,Hackensack Middle School,Hackensack,NJ,2,1571.0
340630005816,Hackettstown Middle School,HACKETTSTOWN,NJ,2,455.0
340636000707,William G. Rohrer Middle School,WESTMONT,NJ,2,467.0
340639001558,Haddonfield Middle School,HADDONFIELD,NJ,2,625.0
340651006029,William Davies Middle School,MAYS LANDING,NJ,2,955.0
340654003094,Albert E Grice Middle School,HAMILTON,NJ,2,895.0
340654003096,Emily C. Reynolds Middle School,HAMILTON,NJ,2,953.0
340654006049,Richard C Crockett Middle School,HAMILTON,NJ,2,783.0
340657000140,Hammonton Middle School,HAMMONTON,NJ,2,872.0
340669004254,Memorial Junior School,Whippany,NJ,2,478.0
340678000729,Hardyston Township Middle School,HAMBURG,NJ,2,304.0
340687002742,Washington Middle School,HARRISON,NJ,2,417.0
340690000441,Pleasant Valley School,MULLICA HILL,NJ,2,633.0
340693000491,Hasbrouck Heights Middle School,HASBROUCK HEIGHTS,NJ,2,461.0
340699004810,Lincoln Middle School,HAWTHORNE,NJ,2,566.0
340711003000,High Bridge Middle School,HIGH BRIDGE,NJ,2,169.0
340717006118,Highland Park Middle School,HIGHLAND PARK,NJ,2,372.0
340723000357,Auten Road Intermediate School,Hillsborough,NJ,2,1176.0
340723005224,Hillsborough Township Middle School,Hillsborough,NJ,2,1225.0
340726000526,George G White,HILLSDALE,NJ,2,509.0
340729005546,Walter O. Krumbiegel Middle School,HILLSIDE,NJ,2,472.0
340735003381,Hoboken Middle School,HOBOKEN,NJ,2,339.0
340741003852,William R. Satz School,HOLMDEL,NJ,2,528.0
340741003854,Indian Hill School,HOLMDEL,NJ,2,747.0
340744005905,Hopatcong Middle School,Hopatcong,NJ,2,499.0
340753003146,Timberlane Middle School,PENNINGTON,NJ,2,819.0
340756000097,Howell Township Middle School North,FARMINGDALE,NJ,2,1129.0
340756000331,Howell Township Middle School South,HOWELL,NJ,2,916.0
340757000189,Explore Middle School,JERSEY CITY,NJ,2,156.0
340768002120,University Middle School,IRVINGTON,NJ,2,768.0
340768002122,Union Avenue Middle School,IRVINGTON,NJ,2,778.0
340774000069,Christa McAuliffe Middle School,Jackson,NJ,2,856.0
340774004624,Carl W. Goetz Middle School,Jackson,NJ,2,1110.0
340777003386,Grace M. Breckwedel Middle School,JAMESBURG,NJ,2,208.0
340780004274,Jefferson Township Middle School,OAK RIDGE,NJ,2,691.0
340783000142,Academy I,JERSEY CITY,NJ,2,463.0
340783000539,Middle School # 4,JERSEY CITY,NJ,2,767.0
340783002836,Ezra L. Nolan School,JERSEY CITY,NJ,2,303.0
340783006114,Franklin L. Williams School,JERSEY CITY,NJ,2,896.0
340786000027,Joseph R. Bolger Middle School,KEANSBURG,NJ,2,338.0
340789002872,Lincoln Middle School,KEARNY,NJ,2,830.0
340798000093,Kingsway Regional Middle School,WOOLWICH TWP,NJ,2,1025.0
340804004286,Pearl R. Miller Middle School,KINNELON,NJ,2,418.0
340810000242,Lacey Township Middle School,FORKED RIVER,NJ,2,670.0
340810005908,Mill Pond Elementary School,LANOKA HARBOR,NJ,2,704.0
340822004642,Lakewood Middle School,LAKEWOOD,NJ,2,1290.0
340840003154,Lawrence Middle School,LAWRENCEVILLE,NJ,2,622.0
340840003160,Lawrence Intermediate School,LAWRENCEVILLE,NJ,2,816.0
340846003016,Woodglen School,CALIFON,NJ,2,325.0
340852000536,Leonia Middle School,Leonia,NJ,2,522.0
340858004296,Lincoln Park Middle School,LINCOLN PARK,NJ,2,408.0
340861005558,Myles J. McManus MIddle School,LINDEN,NJ,2,677.0
340861005560,Joseph E. Soehl Middle School,LINDEN,NJ,2,711.0
340864000431,Lindenwold Middle School,LINDENWOLD,NJ,2,924.0
340867000144,Belhaven Middle School,LINWOOD,NJ,2,383.0
340873004822,Little Falls Township Public School # 1,LITTLE FALLS,NJ,2,390.0
340876000542,Memorial Elementary School,LITTLE FERRY,NJ,2,391.0
340879003898,Markham Place School,LITTLE SILVER,NJ,2,392.0
340882002128,Heritage Middle School,LIVINGSTON,NJ,2,1008.0
340882002130,Mount Pleasant Middle School,LIVINGSTON,NJ,2,507.0
340885000556,Thomas Jefferson Middle School,LODI,NJ,2,720.0
340888003231,Logan Middle School,Logan Township,NJ,2,253.0
340894003906,Long Branch Middle School,LONG BRANCH,NJ,2,1192.0
340900000731,Lopatcong Township Middle School,PHILLIPSBURG,NJ,2,371.0
340909001722,Richard M. Teitelman Middle School,CAPE MAY,NJ,2,483.0
340912005066,Pennsville Middle School,PENNSVILLE,NJ,2,418.0
340915001726,Sandman Consolidated School,CAPE MAY,NJ,2,436.0
340918006092,Lumberton Middle School,LUMBERTON,NJ,2,480.0
340921000574,Jefferson School,LYNDHURST,NJ,2,269.0
340921000576,Lincoln School,LYNDHURST,NJ,2,256.0
340921000580,Roosevelt School,LYNDHURST,NJ,2,445.0
340924004308,Madison Junior School,MADISON,NJ,2,614.0
340927003500,Carl Sandburg Middle School,OLD BRIDGE,NJ,2,1021.0
340927003508,Jonas Salk Middle School,OLD BRIDGE,NJ,2,928.0
340933000594,Ramapo Ridge,MAHWAH,NJ,2,713.0
340939000029,Manalapan-Englishtown Middle School,Manalapan,NJ,2,1227.0
340939003932,Pine Brook School,Manalapan,NJ,2,563.0
340945005967,Manchester Township Middle School,MANCHESTER,NJ,2,691.0
340960002588,J. Mason Tomlin Elementary School,MANTUA,NJ,2,519.0
340963005240,Alexander Batcho Intermediate School,Manville,NJ,2,494.0
340966001110,Ralph J. Steinhauer Elementary School,MAPLE SHADE,NJ,2,407.0
340969000162,Eugene A. Tighe Middle School,MARGATE,NJ,2,184.0
340972000515,Marlboro Memorial Middle School,MORGANVILLE,NJ,2,845.0
340972003950,Marlboro Middle School,MARLBORO,NJ,2,1058.0
340975003962,Matawan-Aberdeen Middle School,CLIFFWOOD,NJ,2,903.0
340981000602,Maywood Avenue School,MAYWOOD,NJ,2,552.0
340984001114,Neeta School,Medford Lakes,NJ,2,361.0
340987001122,Haines Sixth Grade Center,MEDFORD,NJ,2,317.0
340987001124,Medford Memorial Middle School,MEDFORD,NJ,2,639.0
340990004316,Mountain View School,MENDHAM,NJ,2,239.0
340993004322,Mendham Township Middle School,BROOKSIDE,NJ,2,325.0
340999003396,Edgar Middle School,METUCHEN,NJ,2,722.0
341002001738,Middle Township Elementary #4,CAPE MAY COURT HOUSE,NJ,2,557.0
341005003412,Von E. Mauger Middle School,MIDDLESEX,NJ,2,767.0
341011003980,Bayshore Middle School,LEONARDO,NJ,2,623.0
341011003982,Thompson Middle School,MIDDLETOWN,NJ,2,978.0
341011003984,Thorne Middle School,PORT MONMOUTH,NJ,2,685.0
341020002150,Millburn Middle School,MILLBURN,NJ,2,1186.0
341020003402,Washington School,Millburn,NJ,2,388.0
341023004014,Millstone Township Middle School,Millstone Township,NJ,2,368.0
341029003432,Joyce Kilmer School,Milltown,NJ,2,431.0
341032000271,Lakeside Middle School,MILLVILLE,NJ,2,1032.0
341047000183,Williamstown Middle School,WILLIAMSTOWN,NJ,2,1881.0
341050003442,Monroe Township Middle School,MONROE TOWNSHIP,NJ,2,1775.0
341056000181,Renaissance Middle School at the Rand Building,MONTCLAIR,NJ,2,248.0
341056002172,Glenfield Middle School,MONTCLAIR,NJ,2,668.0
341056002178,Buzz Aldrin Middle School,UPPER MONTCLAIR,NJ,2,665.0
341059006031,Montgomery Upper Middle School,Skillman,NJ,2,780.0
341059006130,Montgomery Lower Middle School,Skillman,NJ,2,796.0
341062000616,Fieldstone Middle School,Montvale,NJ,2,470.0
341065004336,Robert R Lazar Middle School,MONTVILLE,NJ,2,876.0
341071000421,Moorestown Upper Elementary School,MOORESTOWN,NJ,2,912.0
341071001140,William Allen Middle School,MOORESTOWN,NJ,2,664.0
341077004358,Morris Plains Borough School,MORRIS PLAINS,NJ,2,383.0
341081004372,Frelinghuysen Middle School,MORRISTOWN,NJ,2,1141.0
341086004394,Mount Arlington Public School,MT  ARLINGTON,NJ,2,240.0
341089001598,Raymond W. Kershaw School,MOUNT EPHRAIM,NJ,2,128.0
341092001152,F. W. Holbein Middle School,MOUNT HOLLY,NJ,2,441.0
341095000125,Hartford Upper Elementary School,MOUNT LAUREL,NJ,2,1003.0
341095001164,T. E. Harrington Middle School,MOUNT LAUREL,NJ,2,946.0
341098000459,Mount Olive Middle School,BUDD LAKE,NJ,2,1090.0
341101004418,Briarcliff Middle School,Mountain Lakes,NJ,2,276.0
341104005588,Deerfield Elementary School,MOUNTAINSIDE,NJ,2,479.0
341107000174,Mullica Township Middle School,ELWOOD,NJ,2,334.0
341116004036,Neptune Middle School,NEPTUNE,NJ,2,712.0
341122002936,New Brunswick Middle School,NEW BRUNSWICK,NJ,2,1154.0
341122003379,Lincoln Annex School,New Brunswick,NJ,2,742.0
341128000632,David E. Owens Middle School,NEW MILFORD,NJ,2,499.0
341131006097,New Providence Middle School,NEW PROVIDENCE,NJ,2,401.0
341140005386,Halsted Middle School,NEWTON,NJ,2,366.0
341143000644,North Arlington Middle School,North Arlington,NJ,2,450.0
341149003486,Linwood Middle School,NORTH BRUNSWICK,NJ,2,1356.0
341155004830,High Mountain School,NORTH HALEDON,NJ,2,279.0
341158002943,North Hanover Township Upper Elementary School,WRIGHTSTOWN,NJ,2,269.0
341164003337,North Plainfield Middle School,North Plainfield,NJ,2,540.0
341164005262,Somerset School,North Plainfield,NJ,2,489.0
341170001184,Northern Burlington County Regional Middle School,COLUMBUS,NJ,2,776.0
341179000215,Northfield Community Middle School,NORTHFIELD,NJ,2,427.0
341188002380,John H. Walker Middle School,NUTLEY,NJ,2,620.0
341191000670,Valley Middle School,OAKLAND,NJ,2,461.0
341197001748,Ocean City Intermediate School,OCEAN CITY,NJ,2,524.0
341206004060,Township of Ocean Intermediate School,OCEAN,NJ,2,1019.0
341212004072,Maple  Place Middle School,OCEANPORT,NJ,2,245.0
341218000674,Charles DeWolf Middle School,OLD TAPPAN,NJ,2,311.0
341226000788,River Dell Middle School,River Edge,NJ,2,541.0
341239003483,Palmyra Middle School,Palmyra,NJ,2,208.0
341242000690,West Brook Middle School,PARAMUS,NJ,2,577.0
341242000692,East Brook Middle School,PARAMUS,NJ,2,575.0
341248004434,Brooklawn Middle School,Parsippany,NJ,2,877.0
341248004436,Central Middle School,Parsippany,NJ,2,817.0
341254003365,Passaic Gifted and Talented Academy School No. 20,Passaic,NJ,2,943.0
341266004462,Central Middle School,Stirling,NJ,2,269.0
341269003003,New Roberto Clemente,PATERSON,NJ,2,466.0
341269003263,Don Bosco Academy,PATERSON,NJ,2,820.0
341269003369,Young Mens Academy,PROSPECT PARK,NJ,2,53.0
341269004886,School 7,PATERSON,NJ,2,235.0
341272003289,Paulsboro Junior High Sschhol,Paulsboro,NJ,2,139.0
341281001200,Helen A. Fort Middle School,PEMBERTON,NJ,2,655.0
341281003398,Marcus Newcomb Middle School,Pemberton,NJ,2,340.0
341284005058,Penns Grove Middle School,PENNS GROVE,NJ,2,498.0
341287001612,Howard M. Phifer Middle School,PENNSAUKEN,NJ,2,1113.0
341290004478,Pequannock Valley School,Pompton Plains,NJ,2,461.0
341293003417,Dual Language School,Fords,NJ,2,419.0
341293003542,William C. McGinnis Middle School,PERTH AMBOY,NJ,2,1459.0
341293003548,Samuel E. Shull Middle School,PERTH AMBOY,NJ,2,1423.0
341296005862,Phillipsburg Middle School,PHILLIPSBURG,NJ,2,705.0
341299000433,Pine Hill Middle School,PINE HILL,NJ,2,406.0
341300006101,Pinelands Regional Jr. High School,Little Egg Harbor,NJ,2,542.0
341305003556,Conackamack Middle School,PISCATAWAY,NJ,2,473.0
341305003558,Quibbletown Middle School,PISCATAWAY,NJ,2,476.0
341305003560,Theodore Schor Middle School,PISCATAWAY,NJ,2,572.0
341308000095,Pitman Middle School,Pitman,NJ,2,315.0
341311006056,Pittsgrove Township Middle School,PITTSGROVE,NJ,2,475.0
341314005606,Hubbard Middle School,PLAINFIELD,NJ,2,762.0
341314005608,Maxson Middle School,PLAINFIELD,NJ,2,797.0
341320000219,Pleasantville Middle School,PLEASANTVILLE,NJ,2,806.0
341323000167,New Egypt Middle School,NEW EGYPT,NJ,2,294.0
341329004694,Memorial Middle School,POINT PLEASANT,NJ,2,675.0
341335004932,Lakeside School,POMPTON LAKES,NJ,2,393.0
341341003188,John Witherspoon Middle School,PRINCETON,NJ,2,778.0
341353005636,Rahway 7th & 8th Grade Academy,RAHWAY,NJ,2,767.0
341359000732,Eric S. Smith Middle School,RAMSEY,NJ,2,666.0
341365004494,Randolph Middle School,RANDOLPH,NJ,2,1032.0
341368003828,Beers Street School,HAZLET,NJ,2,221.0
341368003830,Cove Road School,HAZLET,NJ,2,172.0
341368003840,Hazlet Middle School,HAZLET,NJ,2,428.0
341371003030,Readington Middle School,WHITEHOUSE STATION,NJ,2,533.0
341374004078,Red Bank Middle School,RED BANK,NJ,2,655.0
341383000766,Benjamin Franklin Middle School,RIDGEWOOD,NJ,2,682.0
341383000768,George Washington Middle School,RIDGEWOOD,NJ,2,675.0
341386004944,Martin J. Ryerson School,RINGWOOD,NJ,2,410.0
341395000798,Holdrum Middle School,RIVER VALE,NJ,2,408.0
341401000085,Riverside Middle School,RIVERSIDE,NJ,2,292.0
341410004502,Thomas Jefferson Middle School,ROCKAWAY,NJ,2,296.0
341413004512,Copeland Middle School,ROCKAWAY,NJ,2,785.0
341428005656,Leonard V Moore Middle School,ROSELLE,NJ,2,526.0
341428005660,Grace Wilday Junior High School,ROSELLE,NJ,2,469.0
341431005670,Roselle Park Middle School,ROSELLE PARK,NJ,2,512.0
341434004526,Eisenhower Middle School,SUCCASUNNA,NJ,2,526.0
341434004534,Lincoln/Roosevelt School,SUCCASUNNA,NJ,2,481.0
341437004092,Forrestdale School,RUMSON,NJ,2,600.0
341443001654,Mary E. Volz Elementary School,RUNNEMEDE,NJ,2,528.0
341446000814,Pierrepont School,RUTHERFORD,NJ,2,580.0
341446000818,Union School,RUTHERFORD,NJ,2,432.0
341455005094,Salem Middle School,SALEM,NJ,2,450.0
341464003582,Sayreville Middle School,PARLIN,NJ,2,1443.0
341467005678,Park Middle School,SCOTCH PLAINS,NJ,2,940.0
341467005680,Terrill Middle School,SCOTCH PLAINS,NJ,2,827.0
341485006059,Secaucus Middle School,SECAUCUS,NJ,2,531.0
341488006103,Indian Mills Memorial School,SHAMONG,NJ,2,350.0
341503000210,Jordan Road Elementary School,Somers Point,NJ,2,441.0
341509005288,Somerville Middle School,Somerville,NJ,2,348.0
341521000196,Crossroads North Middle School,MONMOUTH JUNCTION,NJ,2,943.0
341521003618,Crossroads South Middle School,MONMOUTH JUNCTION,NJ,2,1096.0
341533002424,Maplewood Middle School,MAPLEWOOD,NJ,2,827.0
341533002426,South Orange Middle School,S ORANGE,NJ,2,786.0
341536003634,South Plainfield Middle School,SOUTH PLAINFIELD,NJ,2,546.0
341536005999,Grant Elementary School,SOUTH PLAINFIELD,NJ,2,456.0
341539003650,South River Middle School,SOUTH RIVER,NJ,2,534.0
341542000127,Southampton Township School #3,SOUTHAMPTON,NJ,2,246.0
341545006060,Delsea Regional Middle School,FRANKLINVILLE,NJ,2,580.0
341548005944,Southern Regional Middle School,MANAHAWKIN,NJ,2,931.0
341551000360,Sparta Middle School,SPARTA,NJ,2,723.0
341554000068,Spotswood Memorial Middle School,SPOTSWOOD,NJ,2,335.0
341563005700,Florence M. Gaudineer Middle School,Springfield,NJ,2,529.0
341569006073,Stafford Intermediate School,Manahawkin,NJ,2,635.0
341587001670,Samuel S. Yellin Elementary School,STRATFORD,NJ,2,436.0
341590005710,Lawton C. Johnson Summit Middle School,SUMMIT,NJ,2,978.0
341596005410,Sussex Middle School,SUSSEX,NJ,2,328.0
341599002634,Walter Hill School,SWEDESBORO,NJ,2,267.0
341602005946,Kenneth R. Olson Middle School,TABERNACLE,NJ,2,314.0
341608000842,Benjamin Franklin Middle School,TEANECK,NJ,2,555.0
341608000844,Thomas Jefferson Middle School,TEANECK,NJ,2,523.0
341611000872,Tenafly Middle School,TENAFLY,NJ,2,903.0
341617003042,Old Turnpike School,CALIFON,NJ,2,215.0
341620004116,Tinton Falls Middle School,TINTON FALLS,NJ,2,480.0
341623000555,Toms River Intermediate School South,BEACHWOOD,NJ,2,1121.0
341623004726,Toms River Intermediate School East,TOMS RIVER,NJ,2,1408.0
341623004728,Toms River Intermediate School North,TOMS RIVER,NJ,2,1197.0
341626004954,Washington Park School,TOTOWA,NJ,2,639.0
341629003210,Dunn Middle School,TRENTON,NJ,2,909.0
341629003230,Luis Munoz-Rivera MS,TRENTON,NJ,2,464.0
341629003267,Hedgepeth Williams Middle School,TRENTON,NJ,2,669.0
341638000546,Emerson Middle School,UNION CITY,NJ,2,1062.0
341638003073,Union Hill Middle School,UNION CITY,NJ,2,917.0
341644003046,Union Township Middle School,HAMPTON,NJ,2,211.0
341647006074,Russell O. Brackman Middle School,BARNEGAT,NJ,2,735.0
341650005744,Burnet Middle School,UNION,NJ,2,1012.0
341650005746,Kawameeh Middle School,UNION,NJ,2,706.0
341650005750,Jefferson Elementary,UNION,NJ,2,521.0
341653001898,Woodruff Middle School,Seabrook,NJ,2,283.0
341656003098,Stonebridge Middle School,Allentown,NJ,2,486.0
341662000880,Emil A. Cavallini Middle School,UPPER SADDLE RIVER,NJ,2,405.0
341665001758,Upper Township Middle School,PETERSBURG,NJ,2,473.0
341668000216,Ventnor Middle School,VENTNOR,NJ,2,271.0
341671005948,Glen Meadow Middle School,VERNON,NJ,2,680.0
341674002456,Henry B. Whitehorne Middle School,VERONA,NJ,2,683.0
341680000823,Thomas W. Wallace Jr. Middle School,VINELAND,NJ,2,810.0
341680001908,Veterans Memorial Middle,VINELAND,NJ,2,819.0
341680001928,Johnstone Elementary School,VINELAND,NJ,2,173.0
341680003445,Sgt. Dominick Pilla Middle School,Vineland,NJ,2,702.0
341683001682,Voorhees Middle School,VOORHEES,NJ,2,1018.0
341686000537,Waldwick Middle School,WALDWICK,NJ,2,376.0
341689004140,Wall Intermediate School,WALL,NJ,2,775.0
341697005880,Warren Hills Regional Middle School,WASHINGTON,NJ,2,556.0
341698005308,Warren Middle School,Warren,NJ,2,569.0
341707000185,Bunker Hill Middle School,SEWELL,NJ,2,571.0
341707006075,Chestnut Ridge Middle School,SEWELL,NJ,2,618.0
341707006076,Orchard Valley Middle School,SEWELL,NJ,2,524.0
341710000146,Pond Road Middle School,ROBBINSVILLE,NJ,2,1029.0
341713004544,Long Valley Middle School,LONG VALLEY,NJ,2,727.0
341719005318,Valley View School,Watchung,NJ,2,271.0
341728000558,Anthony Wayne Middle School,WAYNE,NJ,2,655.0
341728004972,George Washington Middle School,WAYNE,NJ,2,552.0
341728004990,Schuyler Colfax Middle School,WAYNE,NJ,2,671.0
341743002676,West Deptford Middle School,WEST DEPTFORD,NJ,2,868.0
341746002464,West Essex Middle School,NORTH CALDWELL,NJ,2,566.0
341749004148,Frank Antonides School,West Long Branch,NJ,2,254.0
341752005002,Macopin Middle School,WEST MILFORD,NJ,2,518.0
341758000547,West New York Middle School,WEST NEW YORK,NJ,2,1125.0
341761002472,Edison Middle School,W ORANGE,NJ,2,516.0
341761002476,Roosevelt Middle School,W ORANGE,NJ,2,487.0
341761006112,Liberty Middle School,WEST ORANGE,NJ,2,536.0
341764005022,Memorial Middle School,Woodland Park,NJ,2,496.0
341770000313,Thomas R Grover Middle School,West Windsor,NJ,2,1205.0
341770006012,Community Middle School,PLAINSBORO,NJ,2,1159.0
341773001258,Westampton Township Middle School,WESTAMPTON,NJ,2,554.0
341776005766,Roosevelt Intermediate School,Westfield,NJ,2,738.0
341776005768,Thomas Edison Intermediate School,Westfield,NJ,2,817.0
341782000912,Westwood Regional Middle School,WESTWOOD,NJ,2,437.0
341788004558,Alfred C. MacKinnon Middle School,Wharton,NJ,2,294.0
341794006039,Wildwood Middle School,WILDWOOD,NJ,2,186.0
341800003463,Levitt Intermediate School,Willingboro,NJ,2,566.0
341800006108,Willingboro Memorial Middle School,WILLINGBORO,NJ,2,517.0
341806000060,Winslow Township Elementary School Six,SICKLERVILLE,NJ,2,495.0
341806000439,Winslow Township Middle School,ATCO,NJ,2,768.0
341806006062,Winslow Township Elementary School Five,BERLIN,NJ,2,628.0
341812003678,Colonia Middle School,COLONIA,NJ,2,671.0
341812003680,Fords Middle School,FORDS,NJ,2,658.0
341812003682,Iselin Middle School,ISELIN,NJ,2,798.0
341812003684,Woodbridge Middle School,WOODBRIDGE,NJ,2,503.0
341812005972,Avenel Middle School,AVENEL,NJ,2,602.0
341821000936,Woodcliff Middle School,WOODCLIFF LAKE,NJ,2,246.0
341830003257,Wood-Ridge Intermediate School,WOOD-RIDGE,NJ,2,238.0
341833005118,Woodstown Middle School,WOODSTOWN,NJ,2,286.0
341836000944,Dwight D. Eisenhower Middle School,WYCKOFF,NJ,2,677.0
360000105991,DOLGEVILLE MIDDLE SCHOOL,DOLGEVILLE,NY,2,254.0
360000204761,SAUQUOIT VALLEY MIDDLE SCHOOL,SAUQUOIT,NY,2,314.0
360000404544,DRAPER MIDDLE SCHOOL,SCHENECTADY,NY,2,699.0
360000503206,BROADALBIN-PERTH MIDDLE SCHOOL,AMSTERDAM,NY,2,426.0
360000800192,BELLPORT MIDDLE SCHOOL,BELLPORT,NY,2,1024.0
360000904670,SARANAC MIDDLE SCHOOL,SARANAC,NY,2,331.0
360001000277,WILLIAM H GOLDING MIDDLE SCHOOL,COBLESKILL,NY,2,366.0
360001101042,WAYLAND-COHOCTON MIDDLE SCHOOL,WAYLAND,NY,2,403.0
360001301176,OTTO L SHORTELL MIDDLE SCHOOL,WAMPSVILLE,NY,2,435.0
360001401431,WATERLOO MIDDLE SCHOOL,WATERLOO,NY,2,353.0
360001600110,ALGONQUIN MIDDLE SCHOOL,AVERILL PARK,NY,2,671.0
360002404857,CATTARAUGUS-LITTLE VALLEY MIDDLE SCHOOL,CATTARAUGUS,NY,2,268.0
360007605616,UNIVERSITY NEIGHBORHOOD MIDDLE SCHOOL,NEW YORK,NY,2,217.0
360007605620,TOMPKINS SQUARE MIDDLE SCHOOL,NEW YORK,NY,2,359.0
360007606021,SCHOOL FOR GLOBAL LEADERS,NEW YORK,NY,2,206.0
360007702597,JHS 167 ROBERT F WAGNER,NEW YORK,NY,2,1339.0
360007703331,IS 289,NEW YORK,NY,2,277.0
360007704402,MS 131,NEW YORK,NY,2,303.0
360007704405,EAST SIDE MIDDLE SCHOOL,NEW YORK,NY,2,457.0
360007704408,MS 255 SALK SCHOOL OF SCIENCE,NEW YORK,NY,2,377.0
360007704447,JHS 104 SIMON BARUCH,NEW YORK,NY,2,1098.0
360007705112,BALLET TECH/NYC PUBLIC SCHOOL FOR DANCE,NEW YORK,NY,2,141.0
360007705539,NYC LAB MS FOR COLLABORATIVE STUDIES,NEW YORK,NY,2,601.0
360007705768,LOWER MANHATTAN COMMUNITY MIDDLE SCHOOL,NEW YORK,NY,2,377.0
360007706461,YORKVILLE EAST MIDDLE SCHOOL,NEW YORK,NY,2,228.0
360007706462,CITY KNOLL MIDDLE SCHOOL,NEW YORK,NY,2,153.0
360007706602,MS 297,NEW YORK,NY,2,852.0
360007802235,JHS 54 BOOKER T WASHINGTON,NEW YORK,NY,2,825.0
360007803552,MS 243 CENTER SCHOOL,NEW YORK,NY,2,247.0
360007803572,MS 245 COMPUTER SCHOOL (THE),NEW YORK,NY,2,404.0
360007803579,MS 247 DUAL LANGUAGE MIDDLE SCHOOL,NEW YORK,NY,2,232.0
360007803603,MS 250 WEST SIDE COLLABORATIVE MIDDLE SCHOOL,NEW YORK,NY,2,153.0
360007803607,LAFAYETTE ACADEMY,NEW YORK,NY,2,138.0
360007803616,COMMUNITY ACTION SCHOOL-MS 258,NEW YORK,NY,2,245.0
360007805629,MOTT HALL II,NEW YORK,NY,2,417.0
360007806135,WEST PREP ACADEMY,NEW YORK,NY,2,182.0
360007806547,WEST END SECONDARY SCHOOL,NEW YORK,NY,2,530.0
360007902694,PS 206 JOSE CELSO BARBOSA,NEW YORK,NY,2,451.0
360007904412,MS 224 MANHATTAN EAST SCHOOL FOR ARTS & ACADEMICS,NEW YORK,NY,2,208.0
360007905634,ISAAC NEWTON MIDDLE SSCHOOL FOR MATH AND SCIENCE,NEW YORK,NY,2,280.0
360007906016,RENAISSANCE SCHOOL OF THE ARTS,NEW YORK,NY,2,199.0
360008104436,URBAN ASSEMBLY ACADEMY FOR FUTURE LEADERS,NEW YORK,NY,2,100.0
360008106257,NEW DESIGN MIDDLE SCHOOL,NEW YORK,NY,2,136.0
360008300551,IS 528 BEA FULLER RODGERS SCHOOL,NEW YORK,NY,2,248.0
360008302519,JHS 143 ELEANOR ROOSEVELT,NEW YORK,NY,2,222.0
360008304451,HAROLD O LEVY SCHOOL,NEW YORK,NY,2,264.0
360008304517,MOTT HALL SCHOOL (THE),NEW YORK,NY,2,290.0
360008305645,MS 319 MARIE TERESA,NEW YORK,NY,2,397.0
360008305647,MS 324 PATRIA MIRABAL,NEW YORK,NY,2,310.0
360008305649,COMMUNITY MATH AND SCIENCE PREP,NEW YORK,NY,2,164.0
360008305782,MIDDLE SCHOOL 322,NEW YORK,NY,2,321.0
360008305871,HARBOR HEIGHTS,NEW YORK,NY,2,120.0
360008306530,HAMILTON GRANGE MIDDLE SCHOOL,NEW YORK,NY,2,321.0
360008401983,JHS 151 LOU GEHRIG,BRONX,NY,2,187.0
360008405520,PS/IS 224,BRONX,NY,2,281.0
360008405785,SOUTH BRONX ACADEMY FOR APPLIED MEDIA,BRONX,NY,2,212.0
360008405786,ACADEMY OF PUBLIC RELATIONS,BRONX,NY,2,253.0
360008405920,ACADEMY OF APPLIED MATHEMATICS AND TECHNOLOGY,BRONX,NY,2,299.0
360008406613,IS 584,BRONX,NY,2,241.0
360008501979,JHS 131 ALBERT EINSTEIN,BRONX,NY,2,443.0
360008502456,JHS 123 JAMES M KIERNAN,BRONX,NY,2,487.0
360008503740,MS 101 EDWARD R BYRNE,BRONX,NY,2,541.0
360008505121,MS 301 PAUL L DUNBAR,BRONX,NY,2,200.0
360008505122,MS 302 LUISA DESSUS CRUZ,BRONX,NY,2,480.0
360008505657,SCHOOL FOR INQUIRY AND SOCIAL JUSTICE (THE),BRONX,NY,2,493.0
360008505982,URBAN INSTITUTE OF MATHEMATICS,BRONX,NY,2,365.0
360008505986,BRONX MATHEMATICS PREPARATORY SCHOOL (THE),BRONX,NY,2,207.0
360008506081,HUNTS POINT SCHOOL (THE),BRONX,NY,2,284.0
360008506156,SOUNDVIEW ACADEMY FOR CULTURE AND SCHOLARSHIP,BRONX,NY,2,378.0
360008506162,MOTT HALL COMMUNITY SCHOOL,BRONX,NY,2,340.0
360008506302,BLUEPRINT MIDDLE SCHOOL,BRONX,NY,2,631.0
360008602737,IS 229 ROLAND PATTERSON,BRONX,NY,2,245.0
360008603747,IS 219 NEW VENTURE SCHOOL,BRONX,NY,2,333.0
360008603764,IS 303 LEADERSHIP & COMMUNITY SERVICE,BRONX,NY,2,311.0
360008603767,IS 313 SCHOOL OF LEADERSHIP DEVELOPMENT,BRONX,NY,2,271.0
360008603780,IS 339,BRONX,NY,2,423.0
360008604461,JHS 22 JORDAN L MOTT,BRONX,NY,2,400.0
360008604876,IS 232,BRONX,NY,2,455.0
360008605192,IS 117 JOSEPH H WADE,BRONX,NY,2,443.0
360008605663,MOTT HALL III,BRONX,NY,2,343.0
360008605664,BRONX WRITING ACADEMY,BRONX,NY,2,375.0
360008605667,NEW MILLENNIUM BRONX ACADEMY OF THE ARTS,BRONX,NY,2,321.0
360008605790,KAPPA,BRONX,NY,2,341.0
360008606113,SCIENCE AND TECHNOLOGY ACADEMY:  A MOTT HALL SCHOOL,BRONX,NY,2,426.0
360008606394,HIGHBRIDGE GREEN SCHOOL (THE),BRONX,NY,2,381.0
360008606629,SOUTH BRONX INTERNATIONAL MIDDLE SCHOOL,BRONX,NY,2,94.0
360008606642,MS 594,BRONX,NY,2,247.0
360008702202,THOMAS C GIORDANO MIDDLE SCHOOL 45,BRONX,NY,2,705.0
360008702316,JHS 80 MOSHOLU PARKWAY (THE),BRONX,NY,2,645.0
360008702440,JHS 118 WILLIAM W NILES,BRONX,NY,2,1059.0
360008703794,IS 254,BRONX,NY,2,458.0
360008703811,MS 390,BRONX,NY,2,555.0
360008703812,ANGELO PATRI MIDDLE SCHOOL (THE),BRONX,NY,2,462.0
360008704310,IS 206 ANN MERSEREAU,BRONX,NY,2,269.0
360008705569,BRONX DANCE ACADEMY SCHOOL,BRONX,NY,2,263.0
360008705675,BRONX SCHOOL OF YOUNG LEADERS (THE),BRONX,NY,2,441.0
360008705797,JONAS BRONCK ACADEMY,BRONX,NY,2,267.0
360008705798,NEW SCHOOL FOR LEADERSHIP AND JOURNALISM (THE),BRONX,NY,2,726.0
360008706141,CRESTON ACADEMY,BRONX,NY,2,459.0
360008706297,ACADEMY FOR PERSONAL LEADERSHIP AND EXCELLENCE,BRONX,NY,2,888.0
360008801989,IS 181 PABLO CASALS,BRONX,NY,2,879.0
360008802469,JHS 127 CASTLE HILL (THE),BRONX,NY,2,812.0
360008802524,JHS 144 MICHELANGELO,BRONX,NY,2,446.0
360008802628,MS 180 DR DANIEL HALE WILLIAMS,BRONX,NY,2,1042.0
360008805800,NORTH BRONX SCHOOL OF EMPOWERMENT,BRONX,NY,2,515.0
360008805953,BRONX GREEN MIDDLE SCHOOL,BRONX,NY,2,406.0
360008805969,LEADERS OF TOMORROW,BRONX,NY,2,461.0
360008806107,CORNERSTONE ACADEMY FOR SOCIAL ACTION MIDDLE SCHOOL (CASA),BRONX,NY,2,251.0
360008806129,PELHAM ACADEMY OF ACADEMICS AND COMMUNITY ENGAGEMENT,BRONX,NY,2,356.0
360008806249,BAYCHESTER MIDDLE SCHOOL,BRONX,NY,2,291.0
360008806259,ONE WORLD MIDDLE SCHOOL AT EDENWALD,BRONX,NY,2,328.0
360008806314,BRONX PARK MIDDLE SCHOOL,BRONX,NY,2,401.0
360008806322,PELHAM GARDENS MIDDLE SCHOOL,BRONX,NY,2,439.0
360008806399,BRONX ALLIANCE MIDDLE SCHOOL,BRONX,NY,2,318.0
360009002373,JHS 98 HERMAN RIDDER,BRONX,NY,2,246.0
360009002477,MS 129 ACADEMY FOR INDEPENDENT LEARNING AND LEADERSHIP,BRONX,NY,2,513.0
360009004878,IS 318 MATH SCIENCE & TECHNOLOGY THROUGH ARTS,BRONX,NY,2,227.0
360009005166,ESMT-IS 190,BRONX,NY,2,269.0
360009005169,SCHOOL OF PERFORMING ARTS,BRONX,NY,2,339.0
360009005690,FREDERICK DOUGLASS ACADEMY V MIDDLE SCHOOL,BRONX,NY,2,184.0
360009005691,KNOWLEDGE AND POWER PREPARATORY ACADEMY III,BRONX,NY,2,363.0
360009005692,ACCION ACADEMY,BRONX,NY,2,382.0
360009005806,FANNIE LOU HAMER MIDDLE SCHOOL,BRONX,NY,2,281.0
360009006002,EMOLIOR ACADEMY,BRONX,NY,2,347.0
360009104483,MS 266 PARK PLACE COMMUNITY MIDDLE SCHOOL,BROOKLYN,NY,2,168.0
360009104523,MS 113 RONALD EDMONDS LEARNING CENTER,BROOKLYN,NY,2,335.0
360009105695,SATELLITE EAST MIDDLE SCHOOL,BROOKLYN,NY,2,87.0
360009105696,DOCK STREET SCHOOL FOR STEAM STUDIES,BROOKLYN,NY,2,288.0
360009106205,FORT GREEN PREPARATORY ACADEMY,BROOKLYN,NY,2,211.0
360009106366,URBAN ASSEMBLY UNISON SCHOOL (THE),BROOKLYN,NY,2,167.0
360009106704,PS 915,BROOKLYN,NY,2,273.0
360009202226,MS 51 WILLIAM ALEXANDER,BROOKLYN,NY,2,1149.0
360009204474,JHS 88 PETER ROUGET,BROOKLYN,NY,2,1442.0
360009205498,MATH AND SCIENCE EXPLORATORY SCHOOL (THE),BROOKLYN,NY,2,547.0
360009205501,NEW VOICES SCHOOL OF ACADEMIC AND CREATIVE ARTS,BROOKLYN,NY,2,571.0
360009205502,MS 442 CARROLL GARDENS SCHOOL FOR INNOVATION,BROOKLYN,NY,2,339.0
360009205513,IS 136 CHARLES O DEWEY,BROOKLYN,NY,2,512.0
360009205706,SUNSET PARK PREP,BROOKLYN,NY,2,537.0
360009206567,MS 839,BROOKLYN,NY,2,365.0
360009402163,MS 35 STEPHEN DECATUR,BROOKLYN,NY,2,198.0
360009402499,WHITELAW REID ACADEMY OF ARTS AND BUSINESS,BROOKLYN,NY,2,119.0
360009404053,MS 267 MATH SCIENCE & TECHNOLOGY,BROOKLYN,NY,2,200.0
360009406306,MADIBA PREP MIDDLE SCHOOL,BROOKLYN,NY,2,224.0
360009406662,BROOKLYN GREEN SCHOOL (THE),BROOKLYN,NY,2,83.0
360009501344,PARKSIDE PREPARATORY ACADEMY,BROOKLYN,NY,2,437.0
360009502262,MS 61 DR GLADSTONE H ATWELL,BROOKLYN,NY,2,559.0
360009502760,MS 246 WALT WHITMAN,BROOKLYN,NY,2,410.0
360009504813,IS 340,BROOKLYN,NY,2,198.0
360009505818,EBBETS FIELD MIDDLE SCHOOL,BROOKLYN,NY,2,123.0
360009505819,ELIJAH STROUD MIDDLE SCHOOL,BROOKLYN,NY,2,162.0
360009505820,SCHOOL OF INTEGRATED LEARNING (THE),BROOKLYN,NY,2,371.0
360009505870,RONALD EDMONDS LEARNING CENTER II,BROOKLYN,NY,2,172.0
360009506335,NEW HEIGHTS MIDDLE SCHOOL,BROOKLYN,NY,2,243.0
360009602283,IS 68 ISAAC BILDERSEE,BROOKLYN,NY,2,233.0
360009602707,IS 211 JOHN WILSON,BROOKLYN,NY,2,342.0
360009602795,IS 285 MEYER LEVIN,BROOKLYN,NY,2,729.0
360009605958,MIDDLE SCHOOL FOR ART AND PHILOSPHY,BROOKLYN,NY,2,161.0
360009605960,MIDDLE SCHOOL OF MEDIA LAW AND FINE ARTS (THE),BROOKLYN,NY,2,232.0
360009606155,SCIENCE AND MEDICINE MIDDLE SCHOOL (THE),BROOKLYN,NY,2,408.0
360009606455,BROOKLYN SCIENCE AND ENGINEERING ACADEMY,BROOKLYN,NY,2,355.0
360009702000,JHS 383 PHILIPPA SCHUYLER,BROOKLYN,NY,2,891.0
360009702582,JHS 162 WILLOUGHBY (THE),BROOKLYN,NY,2,317.0
360009702799,JHS 291 ROLAND HAYES,BROOKLYN,NY,2,334.0
360009704887,IS 347 SCHOOL OF HUMANITIES,BROOKLYN,NY,2,289.0
360009704888,IS 349 MATH SCIENCE AND TECHNOLOGY,BROOKLYN,NY,2,299.0
360009706331,EVERGREEN MIDDLE SCHOOL FOR URBAN EXPLORATION,BROOKLYN,NY,2,376.0
360009802263,IS 61 LEONARDO DA VINCI,CORONA,NY,2,2268.0
360009802300,IS 73 FRANK SANSIVIERI INTERMEDIATE SCHOOL  (THE),MASPETH,NY,2,2002.0
360009802355,IS 93 RIDGEWOOD,RIDGEWOOD,NY,2,1155.0
360009802464,IS 125 THOMAS J MCCANN WOODSIDE,WOODSIDE,NY,2,1454.0
360009803117,IS 5 WALTER CROWLEY INTERMEDIATE SCHOOL (THE),ELMHURST,NY,2,1751.0
360009804609,IS 77,RIDGEWOOD,NY,2,879.0
360009806431,CORONA ARTS AND SCIENCES ACADEMY,CORONA,NY,2,764.0
360009902281,JHS 67 LOUIS PASTEUR,LITTLE NECK,NY,2,1043.0
360009902301,JHS 74 NATHANIEL HAWTHORNE,BAYSIDE,NY,2,1159.0
360009902568,MS 158 MARIE CURIE,BAYSIDE,NY,2,1070.0
360009902608,IRWIN ALTMAN MIDDLE SCHOOL 172,FLORAL PARK,NY,2,1006.0
360009902716,JHS 216 GEORGE J RYAN,FLUSHING,NY,2,1575.0
360010002297,CATHERINE & COUNT BASIE MIDDLE SCHOOL 72,JAMAICA,NY,2,275.0
360010002567,JHS 157 STEPHEN A HALSEY,REGO PARK,NY,2,1695.0
360010002653,JHS 190 RUSSELL SAGE,FOREST HILLS,NY,2,1124.0
360010002718,JHS 217 ROBERT A VAN WYCK,JAMAICA,NY,2,1703.0
360010003176,JHS 8 RICHARD S GROSSLEY,JAMAICA,NY,2,442.0
360010006438,EMERSON SCHOOL (THE),JAMAICA,NY,2,361.0
360010006533,REDWOOD MIDDLE SCHOOL,JAMAICA,NY,2,276.0
360010006548,MS 358,JAMAICA,NY,2,362.0
360010101997,IS 238 SUSAN B ANTHONY ACADEMY,HOLLIS,NY,2,1245.0
360010102254,IS 59 SPRINGFIELD GARDENS,SPRINGFIELD GARDENS,NY,2,579.0
360010102409,JEAN NUZZI INTERMEDIATE SCHOOL,QUEENS VILLAGE,NY,2,1166.0
360010102659,IS 192 LINDEN (THE),SAINT ALBANS,NY,2,466.0
360010106285,COLLABORATIVE ARTS MIDDLE SCHOOL,SPRINGFIELD GARDENS,NY,2,336.0
360010106286,COMMUNITY VOICES MIDDLE SCHOOL,SPRINGFIELD GARDENS,NY,2,340.0
360010106439,QUEENS UNITED MIDDLE SCHOOL,SPRINGFIELD GARDENS,NY,2,178.0
360010202071,IS 10 HORACE GREELEY,LONG ISLAND CITY,NY,2,801.0
360010202466,ALBERT SHANKER SCHOOL FOR VISUAL AND PERFORMING ARTS,LONG ISLAND CITY,NY,2,625.0
360010202514,IS 141 STEINWAY (THE),LONG ISLAND CITY,NY,2,1186.0
360010202527,IS 145 JOSEPH PULITZER,JACKSON HEIGHTS,NY,2,1659.0
360010202535,ACADEMY FOR NEW AMERICANS,ASTORIA,NY,2,84.0
360010202688,IS 204 OLIVER W HOLMES,LONG ISLAND CITY,NY,2,448.0
360010203146,IS 227 LOUIS ARMSTRONG,EAST ELMHURST,NY,2,1571.0
360010204802,IS 230,JACKSON HEIGHTS,NY,2,1192.0
360010206441,HUNTERS POINT COMMUNITY MIDDLE SCHOOL,LONG ISLAND CITY,NY,2,422.0
360010301966,IS 7 ELIAS BERNSTEIN,STATEN ISLAND,NY,2,1181.0
360010301970,IS 34 TOTTENVILLE,STATEN ISLAND,NY,2,1038.0
360010301973,IS 61 WILLIAM A MORRIS,STATEN ISLAND,NY,2,974.0
360010301974,IS 72 ROCCO LAURIE,STATEN ISLAND,NY,2,1579.0
360010302046,IS 2 GEORGE L EGBERT,STATEN ISLAND,NY,2,1054.0
360010302057,IS 51 EDWIN MARKHAM,STATEN ISLAND,NY,2,1310.0
360010302120,IS 24 MYRA S BARNES,STATEN ISLAND,NY,2,1363.0
360010302130,IS 27 ANNING S PRALL,STATEN ISLAND,NY,2,1066.0
360010302216,IS 49 BERTA A DREYFUS,STATEN ISLAND,NY,2,558.0
360010304526,IS 75 FRANK D PAULO,STATEN ISLAND,NY,2,1447.0
360010306006,MARSH AVENUE SCHOOL FOR EXPEDITIONARY LEARNING,STATEN ISLAND,NY,2,453.0
360011902221,JHS 50 JOHN D WELLS,BROOKLYN,NY,2,326.0
360011902467,JOHN ERICSSON MIDDLE SCHOOL 126,BROOKLYN,NY,2,326.0
360011902816,IS 318 EUGENIO MARIA DE HOSTOS,BROOKLYN,NY,2,1266.0
360011905701,CONSELYEA PREPARATORY SCHOOL,BROOKLYN,NY,2,473.0
360011905702,MS 582,BROOKLYN,NY,2,330.0
360012002006,IS 364 GATEWAY,BROOKLYN,NY,2,268.0
360012002604,IS 171 ABRAHAM LINCOLN,BROOKLYN,NY,2,381.0
360012002720,JHS 218 JAMES P SINNOTT,BROOKLYN,NY,2,371.0
360012002800,JHS 292 MARGARET S DOUGLAS,BROOKLYN,NY,2,518.0
360012005895,FREDERICK DOUGLASS ACADEMY VIII MIDDLE SCHOOL,BROOKLYN,NY,2,309.0
360012006100,EAST NEW YORK MIDDLE SCHOOL OF EXCELLENCE,BROOKLYN,NY,2,260.0
360012006417,VAN SICLEN COMMUNITY MIDDLE SCHOOL,BROOKLYN,NY,2,293.0
360012006418,VISTA ACADEMY,BROOKLYN,NY,2,472.0
360012006419,LIBERTY AVENUE MIDDLE SCHOOL,BROOKLYN,NY,2,512.0
360012006420,SCHOOL OF THE FUTURE BROOKLYN,BROOKLYN,NY,2,171.0
360012006483,HIGHLAND PARK COMMUNITY SCHOOL,BROOKLYN,NY,2,365.0
360012006666,LEGACY SCHOOL OF THE ARTS,BROOKLYN,NY,2,125.0
360012105237,IS 392,BROOKLYN,NY,2,325.0
360012105723,KAPPA V (KNOWLEDGE AND POWER PREP ACADEMY),BROOKLYN,NY,2,179.0
360012105724,MOTT HALL IV,BROOKLYN,NY,2,148.0
360012106175,MOTT HALL BRIDGES ACADEMY,BROOKLYN,NY,2,205.0
360012106351,BROWNSVILLE COLLABORATIVE MIDDLE SCHOOL,BROOKLYN,NY,2,274.0
360012106427,BROOKLYN ENVIRONMENTAL EXPLORATION SCHOOL (BEES),BROOKLYN,NY,2,180.0
360012106428,RIVERDALE AVENUE MIDDLE SCHOOL,BROOKLYN,NY,2,144.0
360012200249,IS 250 ROBERT F KENNEDY COMMUNITY MIDDLE SCHOOL (THE),FLUSHING,NY,2,354.0
360012201969,IS 25 ADRIEN BLOCK,FLUSHING,NY,2,1074.0
360012201996,IS 237,FLUSHING,NY,2,1348.0
360012202639,JHS 185 EDWARD BLEEKER,FLUSHING,NY,2,1473.0
360012202650,JHS 189 DANIEL CARTER BEARD,FLUSHING,NY,2,731.0
360012202664,JHS 194 WILLIAM CARR,WHITESTONE,NY,2,1289.0
360012205979,BELL ACADEMY,BAYSIDE,NY,2,362.0
360012206665,COLLEGE POINT COLLABORATIVE,COLLEGE POINT,NY,2,337.0
360012301972,MS 53 BRIAN PICCOLO,FAR ROCKAWAY,NY,2,171.0
360012301995,JHS 226 VIRGIL I GRISSON,SOUTH OZONE PARK,NY,2,905.0
360012302685,JHS 202 ROBERT H GODDARD,OZONE PARK,NY,2,1100.0
360012302704,JHS 210 ELIZABETH BLACKWELL,OZONE PARK,NY,2,1805.0
360012305269,MS 137 AMERICAS SCHOOL OF HEROES,OZONE PARK,NY,2,1957.0
360012305890,KNOWLEDGE AND POWER PREPARATORY ACADEMY VI,FAR ROCKAWAY,NY,2,279.0
360012306104,VILLAGE ACADEMY,FAR ROCKAWAY,NY,2,371.0
360012306127,WATERSIDE SCHOOL FOR LEADERSHIP,ROCKAWAY PARK,NY,2,224.0
360012306436,HAWTREE CREEK MIDDLE SCHOOL,SOUTH OZONE PARK,NY,2,388.0
360014505814,WILLIAMSBURG COLLEGIATE CHARTER SCHOOL,BROOKLYN,NY,2,287.0
360015101348,IS 187 CHRISTA MCAULIFFE SCHOOL (THE),BROOKLYN,NY,2,982.0
360015102266,JHS 62 DITMAS,BROOKLYN,NY,2,1172.0
360015102682,JHS 201 DYKER HEIGHTS (THE),BROOKLYN,NY,2,1748.0
360015102724,JHS 220 JOHN J PERSHING,BROOKLYN,NY,2,1485.0
360015102729,JHS 223 MONTAUK (THE),BROOKLYN,NY,2,886.0
360015102735,JHS 227 EDWARD B SHALLOW,BROOKLYN,NY,2,1633.0
360015102775,JHS 259 WILLIAM MCKINLEY,BROOKLYN,NY,2,1864.0
360015202367,IS 96 SETH LOW,BROOKLYN,NY,2,831.0
360015202736,IS 228 DAVID A BOODY,BROOKLYN,NY,2,1494.0
360015202754,MARK TWAIN IS 239 FOR THE GIFTED AND TALENTED,BROOKLYN,NY,2,1350.0
360015202792,IS 281 JOSEPH B CAVALLARO,BROOKLYN,NY,2,1260.0
360015202807,IS 303 HERBERT S EISENBERG,BROOKLYN,NY,2,569.0
360015203011,IS 98 BAY ACADEMY,BROOKLYN,NY,2,1602.0
360015302003,JHS 14 SHELL BANK,BROOKLYN,NY,2,534.0
360015302007,JHS 78 ROY H MANN,BROOKLYN,NY,2,544.0
360015302012,JHS 278 MARINE PARK,BROOKLYN,NY,2,1213.0
360015302748,JHS 234 ARTHUR W CUNNINGHAM,BROOKLYN,NY,2,1551.0
360015302755,ANDRIES HUDDE,BROOKLYN,NY,2,683.0
360015304070,IS 381,BROOKLYN,NY,2,286.0
360015306619,MS 890,BROOKLYN,NY,2,291.0
360095806007,ST. HOPE LEADERSHIP ACADEMY CHARTER SCHOOL,NEW YORK,NY,2,295.0
360096506044,BEDFORD STUYVESANT COLLEGIATE CHARTER SCHOOL,BROOKLYN,NY,2,346.0
360098406165,BROWNSVILLE COLLEGIATE  CHARTER SCHOOL,BROOKLYN,NY,2,276.0
360101906215,NEW WORLD PREPARATORY CHARTER SCHOOL,STATEN ISLAND,NY,2,569.0
360103206229,OCEAN HILL COLLEGIATE CHARTER SCHOOL,BROOKLYN,NY,2,406.0
360103306240,BROOKLYN EAST COLLEGIATE CHARTER SCHOOL,BROOKLYN,NY,2,253.0
360105106291,AMANI PUBLIC CHARTER SCHOOL,MOUNT VERNON,NY,2,350.0
360105606317,CENTRAL QUEENS ACADEMY CHARTER SCHOOL,ELMHURST,NY,2,407.0
360105906349,LAUNCH EXPEDITIONARY LEARNING CHARTER SCHOOL,BROOKLYN,NY,2,303.0
360107106328,MOTT HALL CHARTER SCHOOL,BRONX,NY,2,263.0
360108206433,MIDDLE VILLAGE PREPARATORY CHARTER SCHOOL,MIDDLE VILLAGE,NY,2,398.0
360108506376,GREAT OAKS CHARTER SCHOOL,NEW YORK,NY,2,299.0
360108701787,GREGORY B JARVIS MIDDLE SCHOOL,MOHAWK,NY,2,649.0
360110006402,BROOKLYN URBAN GARDEN CHARTER SCHOOL,BROOKLYN,NY,2,299.0
360113106555,SOUTH BRONX EARLY COLLEGE ACADEMY CHARTER SCHOOL,BRONX,NY,2,326.0
360113806563,ATMOSPHERE ACADEMY PUBLIC CHARTER SCHOOL,BRONX,NY,2,408.0
360113906571,SCHOOL IN THE SQUARE PUBLIC CHARTER SCHOOL,NEW YORK,NY,2,304.0
360114006583,SUCCESS ACADEMY CHARTER SCHOOL-BED STUY 3,BROOKLYN,NY,2,88.0
360114306591,ACHIEVEMENT FIRST VOYAGER CHARTER SCHOOL,BROOKLYN,NY,2,305.0
360114406597,CAPITAL PREPARATORY (CP) HARLEM CHARTER SCHOOL,NEW YORK,NY,2,501.0
360114506574,COLLEGIATE ACADEMY-MATH-PERSONAL AWA,BROOKLYN,NY,2,86.0
360115406586,NEW YORK CITY CHARTER SCHOOL OF THE ARTS,NEW YORK,NY,2,281.0
360115806600,LEGACY COLLEGE PREPARATORY CHARTER SCHOOL,BRONX,NY,2,388.0
360116406623,FORTE PREPARATORY ACADEMY CHARTER SCHOOL,EAST ELMHURST,NY,2,271.0
360117006640,BUFFALO COLLEGIATE CHARTER SCHOOL,BUFFALO,NY,2,172.0
360117606647,KIPP FREEDOM CHARTER SCHOOL,BRONX,NY,2,248.0
360118406641,EMBLAZE ACADEMY CHARTER SCHOOL,BRONX,NY,2,163.0
360118506657,KEY COLLEGIATE CHARTER SCHOOL,BROOKLYN,NY,2,126.0
360118606645,EDMUND W GORDON BROOKLYN LABORATORY CHARTER SCHOOL,BROOKLYN,NY,2,252.0
360119006669,ACADEMY OF HEALTH SCIENCES CHARTER SCHOOL,ROCHESTER,NY,2,103.0
360119406693,CREO COLLEGE PREPARATORY CHARTER SCHOOL,BRONX,NY,2,90.0
360119706707,UNIVERSITY PREP CHARTER MIDDLE SCHOOL,BRONX,NY,2,155.0
360120306678,KIPP BRONX CHARTER SCHOOL III,BRONX,NY,2,177.0
360120606670,BROOKLYN PROSPECT CHARTER SCHOOL - CSD 15.2,BROOKLYN,NY,2,113.0
360121206684,VALENCE COLLEGE PREPARATORY CHARTER SCHOOL,EAST ELMHURST,NY,2,115.0
360234005605,CLARKE MIDDLE SCHOOL,ADAMS,NY,2,458.0
360243005012,AKRON MIDDLE SCHOOL,AKRON,NY,2,311.0
360246000032,WILLIAM S HACKETT MIDDLE SCHOOL,ALBANY,NY,2,656.0
360246005747,STEPHEN AND HARRIET MYERS MIDDLE SCHOOL,ALBANY,NY,2,620.0
360246006624,EDMUND J ONEAL MIDDLE SCHOOL OF EXCELLENCE,ALBANY,NY,2,453.0
360246006700,NORTH ALBANY ACADEMY MIDDLE SCHOOL,ALBANY,NY,2,88.0
360252000034,CARL I BERGERSON MIDDLE SCHOOL,ALBION,NY,2,427.0
360255000038,ALDEN MIDDLE SCHOOL,ALDEN,NY,2,364.0
360292004335,AMHERST MIDDLE SCHOOL,AMHERST,NY,2,705.0
360294000062,EDMUND W MILES MIDDLE SCHOOL,AMITYVILLE,NY,2,655.0
360297000071,WILBUR H LYNCH LITERACY ACADEMY,AMSTERDAM,NY,2,810.0
360318000081,ARDSLEY MIDDLE SCHOOL,ARDSLEY,NY,2,739.0
360327003266,LAGRANGE MIDDLE SCHOOL,LAGRANGEVILLE,NY,2,916.0
360327005597,UNION VALE MIDDLE SCHOOL,LAGRANGEVILLE,NY,2,901.0
360342000098,ATTICA JUNIOR HIGH SCHOOL,ATTICA,NY,2,347.0
360348000103,AUBURN JUNIOR HIGH SCHOOL,AUBURN,NY,2,621.0
360366004863,AVON MIDDLE SCHOOL,AVON,NY,2,322.0
360384000126,BALDWIN MIDDLE SCHOOL,BALDWIN,NY,2,1092.0
360387000141,DONALD S RAY SCHOOL,BALDWINSVILLE,NY,2,888.0
360393000148,BALLSTON SPA MIDDLE SCHOOL,BALLSTON SPA,NY,2,983.0
360399000157,BATAVIA MIDDLE SCHOOL,BATAVIA,NY,2,693.0
360405005411,DANA L LYON MIDDLE SCHOOL,BATH,NY,2,541.0
360408000165,BAY SHORE MIDDLE SCHOOL,BAY SHORE,NY,2,1394.0
360411000175,JAMES WILSON YOUNG MIDDLE SCHOOL,BAYPORT,NY,2,517.0
360414000180,ROMBOUT MIDDLE SCHOOL,BEACON,NY,2,626.0
360420005992,BEAVER RIVER MIDDLE SCHOOL,BEAVER FALLS,NY,2,214.0
360429003247,BEEKMANTOWN MIDDLE SCHOOL,WEST CHAZY,NY,2,439.0
360441000190,SHORE ROAD SCHOOL,BELLMORE,NY,2,293.0
360471000210,BETHLEHEM CENTRAL MIDDLE SCHOOL,DELMAR,NY,2,1025.0
360474000220,JOHN F KENNEDY MIDDLE SCHOOL,BETHPAGE,NY,2,676.0
360487000228,EAST MIDDLE SCHOOL,BINGHAMTON,NY,2,563.0
360487000234,WEST MIDDLE SCHOOL,BINGHAMTON,NY,2,587.0
360492005737,BLOOMFIELD MIDDLE SCHOOL,BLOOMFIELD,NY,2,208.0
360504004187,ADIRONDACK MIDDLE SCHOOL,BOONVILLE,NY,2,286.0
360528000248,EAST MIDDLE SCHOOL,BRENTWOOD,NY,2,1171.0
360528000254,NORTH MIDDLE SCHOOL,BRENTWOOD,NY,2,1205.0
360528000258,SOUTH MIDDLE SCHOOL,BRENTWOOD,NY,2,1107.0
360528000263,WEST MIDDLE SCHOOL,BAY SHORE,NY,2,938.0
360531000266,HENRY H WELLS MIDDLE SCHOOL,BREWSTER,NY,2,745.0
360534002762,BRIARCLIFF MIDDLE SCHOOL,BRIARCLIFF MANOR,NY,2,317.0
360546000275,TWELVE CORNERS MIDDLE SCHOOL,ROCHESTER,NY,2,900.0
360558000286,A D OLIVER MIDDLE SCHOOL,BROCKPORT,NY,2,740.0
360564004547,BRONXVILLE MIDDLE SCHOOL,BRONXVILLE,NY,2,398.0
360585000357,PS 66 NORTH PARK MIDDLE ACADEMY,BUFFALO,NY,2,57.0
360594000383,RICHARD H OROURKE MIDDLE SCHOOL,BURNT HILLS,NY,2,721.0
360606000391,H C CRITTENDEN MIDDLE SCHOOL,ARMONK,NY,2,562.0
360616001568,CAIRO-DURHAM MIDDLE SCHOOL,CAIRO,NY,2,298.0
360618002838,CALEDONIA-MUMFORD MIDDLE SCHOOL,CALEDONIA,NY,2,192.0
360624000404,CAMDEN MIDDLE SCHOOL,CAMDEN,NY,2,660.0
360630000410,CANAJOHARIE MIDDLE SCHOOL,CANAJOHARIE,NY,2,192.0
360633000416,CANANDAIGUA MIDDLE SCHOOL,CANANDAIGUA,NY,2,799.0
360639000421,ROBERTS STREET MIDDLE SCHOOL,CANASTOTA,NY,2,289.0
360647004763,J M MCKENNEY MIDDLE SCHOOL,CANTON,NY,2,360.0
360650000433,ORVILLE A TODD MIDDLE SCHOOL,POUGHKEEPSIE,NY,2,370.0
360657000439,GEORGE FISCHER MIDDLE SCHOOL,CARMEL,NY,2,1237.0
360663000445,CARTHAGE MIDDLE SCHOOL,CARTHAGE,NY,2,943.0
360669004435,CATO-MERIDIAN MIDDLE SCHOOL,CATO,NY,2,260.0
360672000458,CATSKILL MIDDLE SCHOOL,CATSKILL,NY,2,318.0
360678000467,CAZENOVIA MIDDLE SCHOOL,CAZENOVIA,NY,2,307.0
360684005570,CENTER MORICHES MIDDLE SCHOOL,CENTER MORICHES,NY,2,380.0
360687000478,RALPH REED SCHOOL,CENTRAL ISLIP,NY,2,1227.0
360690000999,CENTRAL SQUARE MIDDLE SCHOOL,CENTRAL SQUARE,NY,2,859.0
360699000490,ROBERT E BELL SCHOOL,CHAPPAQUA,NY,2,617.0
360699005571,SEVEN BRIDGES MIDDLE SCHOOL,CHAPPAQUA,NY,2,559.0
360702000493,VERONICA E CONNOR MIDDLE SCHOOL,GRAND ISLAND,NY,2,658.0
360711000503,CHATHAM MIDDLE SCHOOL,CHATHAM,NY,2,243.0
360723005572,CHEEKTOWAGA MIDDLE SCHOOL,CHEEKTOWAGA,NY,2,620.0
360726000514,CHENANGO FORKS MIDDLE SCHOOL,BINGHAMTON,NY,2,334.0
360729004924,CHENANGO VALLEY MIDDLE SCHOOL,BINGHAMTON,NY,2,398.0
360732000522,ONONDAGA HILL MIDDLE SCHOOL,SYRACUSE,NY,2,548.0
360747000532,CHITTENANGO MIDDLE SCHOOL,CHITTENANGO,NY,2,598.0
360753002002,CHURCHVILLE-CHILI MIDDLE SCHOOL,CHURCHVILLE,NY,2,1174.0
360756005573,CINCINNATUS MIDDLE SCHOOL,CINCINNATUS,NY,2,184.0
360759000542,CLARENCE MIDDLE SCHOOL,CLARENCE,NY,2,984.0
360765004711,THOUSAND ISLANDS MIDDLE SCHOOL,CLAYTON,NY,2,199.0
360768004583,CLEVELAND HILL MIDDLE SCHOOL,CHEEKTOWAGA,NY,2,260.0
360777000556,CLINTON MIDDLE SCHOOL,CLINTON,NY,2,287.0
360786006290,CLYDE-SAVANNAH MIDDLE SCHOOL,CLYDE,NY,2,167.0
360798000570,COHOES MIDDLE SCHOOL,COHOES,NY,2,426.0
360813000581,COMMACK MIDDLE SCHOOL,COMMACK,NY,2,1381.0
360816000603,OAKDALE-BOHEMIA MIDDLE SCHOOL,OAKDALE,NY,2,613.0
360816000604,RONKONKOMA MIDDLE SCHOOL,RONKONKOMA,NY,2,701.0
360831000610,COPIAGUE MIDDLE SCHOOL,COPIAGUE,NY,2,1151.0
360837002624,CORINTH MIDDLE SCHOOL,CORINTH,NY,2,278.0
360840006459,CORNING-PAINTED POST MIDDLE SCHOOL,PAINTED POST,NY,2,986.0
360843005575,CORNWALL MIDDLE SCHOOL,CORNWALL,NY,2,939.0
360846000650,RANDALL MIDDLE SCHOOL,CORTLAND,NY,2,350.0
360846006612,CORTLAND JUNIOR HIGH SCHOOL,CORTLAND,NY,2,354.0
360849004765,COXSACKIE-ATHENS MIDDLE SCHOOL,COXSACKIE,NY,2,405.0
360858000660,PIERRE VAN CORTLANDT SCHOOL,CROTON ON HUDSON,NY,2,520.0
360888004716,ROBERT FROST MIDDLE SCHOOL,DEER PARK,NY,2,970.0
360897000685,PIONEER MIDDLE SCHOOL,YORKSHIRE,NY,2,729.0
360903000690,DEPEW MIDDLE SCHOOL,DEPEW,NY,2,399.0
360909000698,JAMESVILLE-DEWITT MIDDLE SCHOOL,JAMESVILLE,NY,2,845.0
360912004681,DOBBS FERRY MIDDLE SCHOOL,DOBBS FERRY,NY,2,326.0
360921004332,DOVER MIDDLE SCHOOL,DOVER PLAINS,NY,2,352.0
360933002719,DRYDEN MIDDLE SCHOOL,DRYDEN,NY,2,291.0
360942000718,DUNKIRK MIDDLE SCHOOL,DUNKIRK,NY,2,439.0
360954000725,EAST AURORA MIDDLE SCHOOL,EAST AURORA,NY,2,519.0
360963000734,HOWARD L GOFF SCHOOL,EAST GREENBUSH,NY,2,934.0
360966000737,EAST HAMPTON MIDDLE SCHOOL,EAST HAMPTON,NY,2,342.0
360969005576,EAST IRONDEQUOIT MIDDLE SCHOOL,ROCHESTER,NY,2,663.0
360972000750,EAST ISLIP MIDDLE SCHOOL,ISLIP TERRACE,NY,2,853.0
360984000106,CLARKE MIDDLE SCHOOL,WESTBURY,NY,2,636.0
360984000762,WOODLAND MIDDLE SCHOOL,EAST MEADOW,NY,2,1068.0
360987000763,EAST MORICHES SCHOOL,EAST MORICHES,NY,2,325.0
360999000778,PINE GROVE MIDDLE SCHOOL,EAST SYRACUSE,NY,2,767.0
361005000782,WILLETS ROAD SCHOOL,ROSLYN HEIGHTS,NY,2,416.0
361008000784,EASTCHESTER MIDDLE SCHOOL,EASTCHESTER,NY,2,807.0
361050003217,ELLENVILLE MIDDLE SCHOOL,ELLENVILLE,NY,2,408.0
361056000811,BROADWAY ACADEMY,ELMIRA,NY,2,459.0
361059002828,COHEN MIDDLE SCHOOL,ELMIRA HEIGHTS,NY,2,255.0
361068000841,ELWOOD MIDDLE SCHOOL,ELWOOD,NY,2,515.0
361071000851,JENNIE F SNAPP MIDDLE SCHOOL,ENDICOTT,NY,2,784.0
361089000862,JOHANNA PERRIN MIDDLE SCHOOL,FAIRPORT,NY,2,618.0
361089000863,MARTHA BROWN MIDDLE SCHOOL,FAIRPORT,NY,2,726.0
361098000878,HOWITT SCHOOL,FARMINGDALE,NY,2,1265.0
361119004586,FONDA-FULTONVILLE 5-8 SCHOOL,FONDA,NY,2,399.0
361140005755,FRANKFORT-SCHUYLER MIDDLE SCHOOL,FRANKFORT,NY,2,229.0
361152000908,FREDONIA MIDDLE SCHOOL,FREDONIA,NY,2,457.0
361155000911,CAROLINE G ATKINSON SCHOOL,FREEPORT,NY,2,1082.0
361155000915,JOHN W DODD MIDDLE SCHOOL,FREEPORT,NY,2,1060.0
361167000920,FRONTIER MIDDLE SCHOOL,HAMBURG,NY,2,1142.0
361170000930,FULTON JUNIOR HIGH SCHOOL,FULTON,NY,2,522.0
361174003447,GANANDA MIDDLE SCHOOL,WALWORTH,NY,2,204.0
361176000941,GARDEN CITY MIDDLE SCHOOL,GARDEN CITY,NY,2,881.0
361188000951,GATES-CHILI MIDDLE SCHOOL,ROCHESTER,NY,2,830.0
361197000963,GENEVA MIDDLE SCHOOL,GENEVA,NY,2,456.0
361218000977,ROBERT M FINLEY MIDDLE SCHOOL,GLEN COVE,NY,2,715.0
361224000980,GLENS FALLS MIDDLE SCHOOL,GLENS FALLS,NY,2,609.0
361230001418,MARCUS WHITMAN MIDDLE SCHOOL,RUSHVILLE,NY,2,271.0
361233000997,C J HOOKER MIDDLE SCHOOL,GOSHEN,NY,2,721.0
361236006655,GOUVERNEUR MIDDLE SCHOOL,GOUVERNEUR,NY,2,460.0
361239004858,GOWANDA MIDDLE SCHOOL,GOWANDA,NY,2,310.0
361240006299,ZICCOLELLA MIDDLE SCHOOL,HASTINGS ON HUDSON,NY,2,3.0
361245001010,GRANVILLE ELEMENTARY SCHOOL,GRANVILLE,NY,2,223.0
361251001015,GREAT NECK NORTH MIDDLE SCHOOL,GREAT NECK,NY,2,821.0
361251001017,GREAT NECK SOUTH MIDDLE SCHOOL,GREAT NECK,NY,2,791.0
361263000475,ARCADIA MIDDLE SCHOOL,ROCHESTER,NY,2,756.0
361263001033,ATHENA MIDDLE SCHOOL,ROCHESTER,NY,2,789.0
361272001049,RICHARD J BAILEY SCHOOL,WHITE PLAINS,NY,2,366.0
361275004686,GREENE MIDDLE SCHOOL,GREENE,NY,2,230.0
361287003484,GREENVILLE MIDDLE SCHOOL,GREENVILLE,NY,2,279.0
361296001060,GREENWOOD LAKE MIDDLE SCHOOL,MONROE,NY,2,291.0
361299001065,GRIFFITH INSTITUTE MIDDLE SCHOOL,SPRINGVILLE,NY,2,401.0
361308001071,FARNSWORTH MIDDLE SCHOOL,GUILDERLAND,NY,2,1072.0
361323006653,HALDANE MIDDLE SCHOOL,COLD SPRING,NY,2,183.0
361329001081,CANDLEWOOD MIDDLE SCHOOL,DIX HILLS,NY,2,748.0
361329001094,WEST HOLLOW MIDDLE SCHOOL,MELVILLE,NY,2,1092.0
361335001098,HAMBURG MIDDLE SCHOOL,HAMBURG,NY,2,772.0
361353006043,HAMPTON BAYS MIDDLE SCHOOL,HAMPTON BAYS,NY,2,665.0
361359001111,KENNEY MIDDLE SCHOOL,HANNIBAL,NY,2,373.0
361362001116,OLDFIELD MIDDLE SCHOOL,GREENLAWN,NY,2,759.0
361374001123,LOUIS M KLEIN MIDDLE SCHOOL,HARRISON,NY,2,847.0
361395001130,FARRAGUT MIDDLE SCHOOL,HASTINGS ON HUDSON,NY,2,511.0
361398001136,HAUPPAUGE MIDDLE SCHOOL,HAUPPAUGE,NY,2,765.0
361401001142,HAVERSTRAW ELEMENTARY SCHOOL,HAVERSTRAW,NY,2,629.0
361401001143,JAMES A FARLEY ELEMENTARY SCHOOL,STONY POINT,NY,2,569.0
361401003211,WILLOW GROVE ELEMENTARY SCHOOL,THIELLS,NY,2,586.0
361401005738,FIELDSTONE MIDDLE SCHOOL,THIELLS,NY,2,1323.0
361413001153,ALVERTA B GRAY SCHULTZ MIDDLE SCHOOL,HEMPSTEAD,NY,2,1362.0
361419001161,BLUE MOUNTAIN MIDDLE SCHOOL,CORTLANDT MANOR,NY,2,520.0
361428001179,HERRICKS MIDDLE SCHOOL,ALBERTSON,NY,2,1016.0
361434001186,HICKSVILLE MIDDLE SCHOOL,HICKSVILLE,NY,2,1316.0
361440001193,HIGHLAND MIDDLE SCHOOL,HIGHLAND,NY,2,414.0
361443001195,HIGHLAND FALLS INTERMEDIATE SCHOOL,HIGHLAND FALLS,NY,2,316.0
361446001200,MERTON WILLIAMS MIDDLE SCHOOL,HILTON,NY,2,684.0
361455006651,HOLLAND MIDDLE SCHOOL,HOLLAND,NY,2,271.0
361458001211,HOLLAND PATENT MIDDLE SCHOOL,HOLLAND PATENT,NY,2,318.0
361464003477,HOMER JUNIOR HIGH SCHOOL,HOMER,NY,2,474.0
361470001222,HONEOYE FALLS-LIMA MIDDLE SCHOOL,HONEOYE FALLS,NY,2,510.0
361482001232,HORNELL INTERMEDIATE SCHOOL,HORNELL,NY,2,351.0
361485001242,HORSEHEADS MIDDLE SCHOOL,HORSEHEADS,NY,2,606.0
361485001244,HORSEHEADS INTERMEDIATE SCHOOL,HORSEHEADS,NY,2,573.0
361494006579,HUDSON JUNIOR HIGH SCHOOL,HUDSON,NY,2,399.0
361497001253,HUDSON FALLS MIDDLE SCHOOL,HUDSON FALLS,NY,2,531.0
361509001260,J TAYLOR FINLEY MIDDLE SCHOOL,HUNTINGTON,NY,2,700.0
361509004773,WOODHULL INTERMEDIATE SCHOOL,HUNTINGTON,NY,2,514.0
361509006451,JACK ABRAMS STEM MAGNET SCHOOL,HUNTINGTON STATION,NY,2,500.0
361518001270,HAVILAND MIDDLE SCHOOL,HYDE PARK,NY,2,832.0
361521001277,ICHABOD CRANE MIDDLE SCHOOL,VALATIE,NY,2,659.0
361530004774,INDIAN RIVER MIDDLE SCHOOL,PHILADELPHIA,NY,2,759.0
361536001292,IROQUOIS INTERMEDIATE SCHOOL,ELMA,NY,2,146.0
361536001293,IROQUOIS MIDDLE SCHOOL,ELMA,NY,2,511.0
361539001301,DAKE JUNIOR HIGH SCHOOL,ROCHESTER,NY,2,595.0
361539001303,IROQUOIS MIDDLE SCHOOL,ROCHESTER,NY,2,423.0
361539001308,ROGERS MIDDLE SCHOOL,ROCHESTER,NY,2,428.0
361545001314,IRVINGTON MIDDLE SCHOOL,IRVINGTON,NY,2,445.0
361548001317,ISLAND PARK LINCOLN ORENS MIDDLE SCHOOL,ISLAND PARK,NY,2,324.0
361551001319,ISLAND TREES MIDDLE SCHOOL,LEVITTOWN,NY,2,671.0
361554001325,ISLIP MIDDLE SCHOOL,ISLIP,NY,2,638.0
361557001330,BOYNTON MIDDLE SCHOOL,ITHACA,NY,2,546.0
361557001335,DEWITT MIDDLE SCHOOL,ITHACA,NY,2,501.0
361563001351,THOMAS JEFFERSON MIDDLE SCHOOL,JAMESTOWN,NY,2,390.0
361563001356,GEORGE WASHINGTON MIDDLE SCHOOL,JAMESTOWN,NY,2,507.0
361563004390,PERSELL MIDDLE SCHOOL,JAMESTOWN,NY,2,502.0
361578001364,JOHN F KENNEDY MIDDLE SCHOOL,PORT JEFFERSON STA,NY,2,863.0
361581001369,JERICHO MIDDLE SCHOOL,JERICHO,NY,2,809.0
361590001373,JOHNSON CITY MIDDLE SCHOOL,JOHNSON CITY,NY,2,574.0
361598001382,KNOX JUNIOR HIGH SCHOOL,JOHNSTOWN,NY,2,264.0
361599002581,JORDAN-ELBRIDGE MIDDLE SCHOOL,JORDAN,NY,2,424.0
361608001389,JOHN JAY MIDDLE SCHOOL,CROSS RIVER,NY,2,668.0
361617004948,AUSABLE VALLEY MIDDLE SCHOOL,CLINTONVILLE,NY,2,168.0
361623001403,BEN FRANKLIN MIDDLE SCHOOL,BUFFALO,NY,2,658.0
361623004392,HERBERT HOOVER MIDDLE SCHOOL,BUFFALO,NY,2,833.0
361626001483,WILLIAM T ROGERS MIDDLE SCHOOL,KINGS PARK,NY,2,680.0
361629001434,J WATSON BAILEY MIDDLE SCHOOL,KINGSTON,NY,2,1101.0
361629001438,M CLIFFORD MILLER MIDDLE SCHOOL,LAKE KATRINE,NY,2,874.0
361644002836,LACKAWANNA MIDDLE SCHOOL,LACKAWANNA,NY,2,414.0
361656001468,LAKE SHORE MIDDLE SCHOOL,ANGOLA,NY,2,526.0
361662001472,LAKELAND-COPPER BEECH MIDDLE SCHOOL,YORKTOWN HEIGHTS,NY,2,1340.0
361668001482,LANCASTER MIDDLE SCHOOL,LANCASTER,NY,2,850.0
361668003289,WILLIAM STREET SCHOOL,LANCASTER,NY,2,1268.0
361671001491,LANSING MIDDLE SCHOOL,LANSING,NY,2,392.0
361674001492,KNICKERBACKER MIDDLE SCHOOL,TROY,NY,2,477.0
361683001504,LAWRENCE MIDDLE SCHOOL AT BROADWAY CAMPUS,LAWRENCE,NY,2,569.0
361698001514,NORTH ROSE-WOLCOTT MIDDLE SCHOOL,WOLCOTT,NY,2,368.0
361713003229,LETCHWORTH MIDDLE SCHOOL,GAINESVILLE,NY,2,281.0
361716001524,JONAS E SALK MIDDLE SCHOOL,LEVITTOWN,NY,2,933.0
361716001532,WISDOM LANE MIDDLE SCHOOL,LEVITTOWN,NY,2,777.0
361719001533,LEWISTON PORTER MIDDLE SCHOOL,YOUNGSTOWN,NY,2,457.0
361722006667,LIBERTY MIDDLE SCHOOL,LIBERTY,NY,2,573.0
361738001547,LINDENHURST MIDDLE SCHOOL,LINDENHURST,NY,2,1346.0
361746001594,LITTLE FALLS MIDDLE SCHOOL,LITTLE FALLS,NY,2,255.0
361752001560,CHESTNUT HILL MIDDLE SCHOOL,LIVERPOOL,NY,2,357.0
361752001566,LIVERPOOL MIDDLE SCHOOL,LIVERPOOL,NY,2,342.0
361752001572,SOULE ROAD MIDDLE SCHOOL,LIVERPOOL,NY,2,429.0
361767001583,EMMET BELKNAP INTERMEDIATE SCHOOL,LOCKPORT,NY,2,707.0
361767001587,NORTH PARK JUNIOR HIGH SCHOOL,LOCKPORT,NY,2,675.0
361770001664,LOCUST VALLEY MIDDLE SCHOOL,LOCUST VALLEY,NY,2,
361773001598,LONG BEACH MIDDLE SCHOOL,LONG BEACH,NY,2,820.0
361782004350,LOWVILLE MIDDLE SCHOOL,LOWVILLE,NY,2,287.0
361791001605,LYNBROOK NORTH MIDDLE SCHOOL,LYNBROOK,NY,2,266.0
361791001607,LYNBROOK SOUTH MIDDLE SCHOOL,LYNBROOK,NY,2,371.0
361803004288,LYONS MIDDLE SCHOOL,LYONS,NY,2,138.0
361812001625,MAHOPAC MIDDLE SCHOOL,MAHOPAC,NY,2,911.0
361812006584,MAHOPAC FALLS SCHOOL,MAHOPAC,NY,2,11.0
361815001629,MAINE-ENDWELL MIDDLE SCHOOL,ENDWELL,NY,2,545.0
361818001638,MALONE MIDDLE SCHOOL,MALONE,NY,2,554.0
361821001641,HOWARD T HERBER MIDDLE SCHOOL,MALVERNE,NY,2,423.0
361824001646,HOMMOCKS SCHOOL,LARCHMONT,NY,2,1296.0
361827000112,MANHASSET MIDDLE SCHOOL,MANHASSET,NY,2,506.0
361833001653,EAGLE HILL MIDDLE SCHOOL,MANLIUS,NY,2,670.0
361833001658,WELLWOOD MIDDLE SCHOOL,FAYETTEVILLE,NY,2,671.0
361848001662,C S DRIVER MIDDLE SCHOOL,MARCELLUS,NY,2,568.0
361857001673,MARLBORO MIDDLE SCHOOL,MARLBORO,NY,2,464.0
361860001677,MARYVALE MIDDLE SCHOOL,CHEEKTOWAGA,NY,2,464.0
361863001682,BERNER MIDDLE SCHOOL,MASSAPEQUA,NY,2,1560.0
361866001694,J WILLIAM LEARY JUNIOR HIGH SCHOOL,MASSENA,NY,2,425.0
361869005579,WILLIAM FLOYD MIDDLE SCHOOL,MORICHES,NY,2,1124.0
361869005744,WILLIAM PACA MIDDLE SCHOOL,MASTIC BEACH,NY,2,1063.0
361896001715,CLIFFORD WISE INTERMEDIATE/MIDDLE SCHOOL,MEDINA,NY,2,422.0
361902001722,GRAND AVENUE MIDDLE SCHOOL,BELLMORE,NY,2,958.0
361902001726,MERRICK AVENUE MIDDLE SCHOOL,MERRICK,NY,2,771.0
361917001730,MEXICO MIDDLE SCHOOL,MEXICO,NY,2,615.0
361920001737,DAWNWOOD MIDDLE SCHOOL,CENTEREACH,NY,2,1043.0
361920001745,SELDEN MIDDLE SCHOOL,CENTEREACH,NY,2,1053.0
361923001754,LONGWOOD JUNIOR HIGH SCHOOL,MIDDLE ISLAND,NY,2,1541.0
361923004513,LONGWOOD MIDDLE SCHOOL,MIDDLE ISLAND,NY,2,1386.0
361932001765,MIDDLETOWN TWIN TOWERS MIDDLE SCHOOL,MIDDLETOWN,NY,2,1018.0
361932003198,MONHAGEN MIDDLE SCHOOL,MIDDLETOWN,NY,2,836.0
361938001772,MILLBROOK MIDDLE SCHOOL,MILLBROOK,NY,2,212.0
361941001775,NORTH COUNTRY ROAD SCHOOL,MILLER PLACE,NY,2,639.0
361950001781,MINEOLA MIDDLE SCHOOL,MINEOLA,NY,2,646.0
361956001785,MINISINK VALLEY MIDDLE SCHOOL,MIDDLETOWN,NY,2,822.0
361965001794,MONROE-WOODBURY MIDDLE SCHOOL,CENTRAL VALLEY,NY,2,1669.0
361968001802,VALLEY CENTRAL MIDDLE SCHOOL,MONTGOMERY,NY,2,963.0
361974001811,ROBERT J KAISER MIDDLE SCHOOL,MONTICELLO,NY,2,672.0
361995001823,FOX LANE MIDDLE SCHOOL,BEDFORD,NY,2,920.0
362004004304,MOUNT SINAI MIDDLE SCHOOL,MOUNT SINAI,NY,2,655.0
362010004345,BENJAMIN TURNER MIDDLE SCHOOL,MOUNT VERNON,NY,2,359.0
362016001850,WESTLAKE MIDDLE SCHOOL,THORNWOOD,NY,2,424.0
362019001853,A MACARTHUR BARR MIDDLE SCHOOL,NANUET,NY,2,391.0
362019006553,A MACARTHUR BARR MIDDLE SCHOOL 5-6 ACADEMY FOR EXCELLENCE,NANUET,NY,2,340.0
362034005874,FELIX FESTA CHARACTER MIDDLE SCHOOL,WEST NYACK,NY,2,608.0
362034005897,FELIX FESTA DETERMINATION MIDDLE SCHOOL,WEST NYACK,NY,2,613.0
362034005918,FELIX FESTA ACHIEVEMENT MIDDLE SCHOOL,WEST NYACK,NY,2,625.0
362037001881,PERRY JUNIOR HIGH SCHOOL,NEW HARTFORD,NY,2,651.0
362046001890,NEW PALTZ MIDDLE SCHOOL,NEW PALTZ,NY,2,493.0
362049001892,ALBERT LEONARD MIDDLE SCHOOL,NEW ROCHELLE,NY,2,1168.0
362049001897,ISAAC E YOUNG MIDDLE SCHOOL,NEW ROCHELLE,NY,2,1069.0
362064002894,NEWARK MIDDLE SCHOOL,NEWARK,NY,2,473.0
362067002899,NEWARK VALLEY MIDDLE SCHOOL,NEWARK VALLEY,NY,2,331.0
362070002912,SOUTH MIDDLE SCHOOL,NEWBURGH,NY,2,934.0
362070004486,HERITAGE MIDDLE SCHOOL,NEW WINDSOR,NY,2,943.0
362076002921,NEWFANE MIDDLE SCHOOL,NEWFANE,NY,2,391.0
362079000373,NEWFIELD MIDDLE SCHOOL,NEWFIELD,NY,2,176.0
362082005951,GASKILL PREPARATORY SCHOOL,NIAGARA FALLS,NY,2,529.0
362082005952,LASALLE PREPARATORY SCHOOL,NIAGARA FALLS,NY,2,511.0
362085002949,EDWARD TOWN MIDDLE SCHOOL,SANBORN,NY,2,840.0
362088000304,VAN ANTWERP MIDDLE SCHOOL,SCHENECTADY,NY,2,454.0
362088004488,IROQUOIS MIDDLE SCHOOL,SCHENECTADY,NY,2,517.0
362091004737,ROBERT MOSES MIDDLE SCHOOL,NORTH BABYLON,NY,2,1092.0
362100002986,SHAKER JUNIOR HIGH SCHOOL,LATHAM,NY,2,859.0
362121002998,GILLETTE ROAD MIDDLE SCHOOL,CICERO,NY,2,1131.0
362121003004,ROXBORO ROAD MIDDLE SCHOOL,SYRACUSE,NY,2,799.0
362124003007,NORTH TONAWANDA MIDDLE SCHOOL,NORTH TONAWANDA,NY,2,504.0
362124003012,NORTH TONAWANDA INTERMEDIATE SCHOOL,NORTH TONAWANDA,NY,2,694.0
362125003018,NORTHEASTERN CLINTON MIDDLE SCHOOL,CHAMPLAIN,NY,2,266.0
362127003028,EAST NORTHPORT MIDDLE SCHOOL,EAST NORTHPORT,NY,2,559.0
362127003032,NORTHPORT MIDDLE SCHOOL,NORTHPORT,NY,2,602.0
362133003040,NORWICH MIDDLE SCHOOL,NORWICH,NY,2,416.0
362136005581,NORWOOD-NORFOLK MIDDLE SCHOOL,NORWOOD,NY,2,312.0
362145003293,DALTON-NUNDA INTERMEDIATE SCHOOL,NUNDA,NY,2,140.0
362148003049,NYACK MIDDLE SCHOOL,NYACK,NY,2,668.0
362157004528,SCHOOL 9M-OCEANSIDE MIDDLE SCHOOL,OCEANSIDE,NY,2,893.0
362172003081,OLEAN INTERMEDIATE-MIDDLE SCHOOL,OLEAN,NY,2,569.0
362178003094,ONEONTA MIDDLE SCHOOL,ONEONTA,NY,2,400.0
362184003103,REGINALD BENNETT ELEMENTARY SCHOOL,BOICEVILLE,NY,2,255.0
362184004849,ONTEORA MIDDLE SCHOOL,BOICEVILLE,NY,2,228.0
362190003111,ORCHARD PARK MIDDLE SCHOOL,ORCHARD PARK,NY,2,1129.0
362202003118,ANNE M DORNER MIDDLE SCHOOL,OSSINING,NY,2,1077.0
362202004852,ROOSEVELT SCHOOL,OSSINING,NY,2,376.0
362205003129,OSWEGO MIDDLE SCHOOL,OSWEGO,NY,2,557.0
362217003139,OWEGO-APALACHIN MIDDLE SCHOOL,OWEGO,NY,2,466.0
362226003144,OXFORD ACADEMY MIDDLE SCHOOL,OXFORD,NY,2,209.0
362238003152,PALMYRA-MACEDON MIDDLE SCHOOL,PALMYRA,NY,2,471.0
362247003164,OREGON MIDDLE SCHOOL,MEDFORD,NY,2,573.0
362247003167,SAXTON MIDDLE SCHOOL,PATCHOGUE,NY,2,566.0
362247003168,SOUTH OCEAN MIDDLE SCHOOL,PATCHOGUE,NY,2,587.0
362253003255,PAWLING MIDDLE SCHOOL,PAWLING,NY,2,356.0
362256003177,PEARL RIVER MIDDLE SCHOOL,PEARL RIVER,NY,2,580.0
362265004366,PEEKSKILL MIDDLE SCHOOL,PEEKSKILL,NY,2,715.0
362268003187,PELHAM MIDDLE SCHOOL,PELHAM,NY,2,701.0
362271003191,BAY TRAIL MIDDLE SCHOOL,PENFIELD,NY,2,1057.0
362274003202,PENN YAN MIDDLE SCHOOL,PENN YAN,NY,2,303.0
362283006690,PERU MIDDLE SCHOOL,PERU,NY,2,446.0
362289003216,MIDLAKES MIDDLE SCHOOL,CLIFTON SPRINGS,NY,2,245.0
362292003221,EMERSON J DILLON MIDDLE SCHOOL,PHOENIX,NY,2,520.0
362301003224,CIRCLEVILLE MIDDLE SCHOOL,CIRCLEVILLE,NY,2,565.0
362301003225,CRISPELL MIDDLE SCHOOL,PINE BUSH,NY,2,693.0
362316004490,BARKER ROAD MIDDLE SCHOOL,PITTSFORD,NY,2,706.0
362316005850,CALKINS ROAD MIDDLE SCHOOL,PITTSFORD,NY,2,656.0
362319005613,PLAINEDGE MIDDLE SCHOOL,BETHPAGE,NY,2,640.0
362322003250,H B MATTLIN MIDDLE SCHOOL,PLAINVIEW,NY,2,746.0
362322003257,PLAINVIEW-OLD BETHPAGE MIDDLE SCHOOL,PLAINVIEW,NY,2,870.0
362328003262,STAFFORD MIDDLE SCHOOL,PLATTSBURGH,NY,2,414.0
362331004745,PLEASANTVILLE MIDDLE SCHOOL,PLEASANTVILLE,NY,2,530.0
362346003277,PORT CHESTER MIDDLE SCHOOL,PORT CHESTER,NY,2,1080.0
362349001901,PORT JEFFERSON MIDDLE SCHOOL,PORT JEFFERSON,NY,2,258.0
362352003284,PORT JERVIS MIDDLE SCHOOL,PORT JERVIS,NY,2,390.0
362358003288,CARRIE PALMER WEBER MIDDLE SCHOOL,PORT WASHINGTON,NY,2,1276.0
362367003299,A A KINGSTON MIDDLE SCHOOL,POTSDAM,NY,2,408.0
362376003308,POUGHKEEPSIE MIDDLE SCHOOL,POUGHKEEPSIE,NY,2,944.0
362388006170,PULASKI MIDDLE SCHOOL,PULASKI,NY,2,239.0
362400003315,PUTNAM VALLEY MIDDLE SCHOOL,PUTNAM VALLEY,NY,2,490.0
362403003317,QUEENSBURY MIDDLE SCHOOL,QUEENSBURY,NY,2,716.0
362415003326,RAVENA-COEYMANS-SELKIRK MIDDLE SCHOOL,RAVENA,NY,2,428.0
362421004851,RED CREEK MIDDLE SCHOOL,RED CREEK,NY,2,187.0
362424003333,LINDEN AVENUE MIDDLE SCHOOL,RED HOOK,NY,2,403.0
362427003397,RED JACKET MIDDLE SCHOOL,SHORTSVILLE,NY,2,182.0
362448003343,BULKELEY MIDDLE SCHOOL,RHINEBECK,NY,2,242.0
362463005483,BLIND BROOK-RYE MIDDLE SCHOOL,RYE BROOK,NY,2,301.0
362469003356,PULASKI STREET ELEMENTARY SCHOOL,RIVERHEAD,NY,2,865.0
362469003358,RIVERHEAD MIDDLE SCHOOL,RIVERHEAD,NY,2,896.0
362475005849,NORTHWEST COLLEGE PREPARATORY HIGH SCHOOL,ROCHESTER,NY,2,295.0
362475006561,EAST LOWER SCHOOL,ROCHESTER,NY,2,346.0
362478003430,SOUTH SIDE MIDDLE SCHOOL,ROCKVILLE CENTRE,NY,2,878.0
362484005420,ROCKY POINT MIDDLE SCHOOL,ROCKY POINT,NY,2,697.0
362490003446,LYNDON H STROUGH MIDDLE SCHOOL,ROME,NY,2,824.0
362496006325,RONDOUT VALLEY JUNIOR HIGH SCHOOL,ACCORD,NY,2,277.0
362496006347,RONDOUT VALLEY INTERMEDIATE SCHOOL,ACCORD,NY,2,408.0
362499005611,ROOSEVELT MIDDLE SCHOOL,ROOSEVELT,NY,2,507.0
362505003472,ROSLYN MIDDLE SCHOOL,ROSLYN HEIGHTS,NY,2,717.0
362514005836,ROYALTON-HARTLAND MIDDLE SCHOOL,MIDDLEPORT,NY,2,375.0
362517000492,HENRY V BURGER JUNIOR HIGH SCHOOL,WEST HENRIETTA,NY,2,666.0
362517004534,CHARLES H ROTH JUNIOR HIGH SCHOOL,HENRIETTA,NY,2,594.0
362517004566,EMMA E SHERMAN ELEMENTARY SCHOOL,HENRIETTA,NY,2,572.0
362517006599,MARY K VOLLMER ELEMENTARY SCHOOL,WEST HENRIETTA,NY,2,640.0
362526003493,RYE MIDDLE SCHOOL,RYE,NY,2,768.0
362529003495,RYE NECK MIDDLE SCHOOL,MAMARONECK,NY,2,409.0
362535003507,SAGAMORE MIDDLE SCHOOL,HOLTSVILLE,NY,2,1015.0
362535003509,SENECA MIDDLE SCHOOL,HOLBROOK,NY,2,1033.0
362535005742,SAMOSET MIDDLE SCHOOL,LAKE RONKONKOMA,NY,2,897.0
362544003520,SENECA INTERMEDIATE SCHOOL,SALAMANCA,NY,2,408.0
362550006264,SALMON RIVER MIDDLE SCHOOL,FORT COVINGTON,NY,2,309.0
362565004900,SANDY CREEK MIDDLE SCHOOL,SANDY CREEK,NY,2,182.0
362574003534,SARANAC LAKE MIDDLE SCHOOL,SARANAC LAKE,NY,2,300.0
362577000269,MAPLE AVENUE MIDDLE SCHOOL,SARATOGA SPRINGS,NY,2,1467.0
362580002741,SAUGERTIES JUNIOR HIGH SCHOOL,SAUGERTIES,NY,2,403.0
362592003558,SAYVILLE MIDDLE SCHOOL,SAYVILLE,NY,2,679.0
362595003565,SCARSDALE MIDDLE SCHOOL,SCARSDALE,NY,2,1155.0
362598003570,SCHALMONT MIDDLE SCHOOL,SCHENECTADY,NY,2,529.0
362601003585,MONT PLEASANT MIDDLE SCHOOL,SCHENECTADY,NY,2,760.0
362601006117,CENTRAL PARK MIDDLE SCHOOL,SCHENECTADY,NY,2,715.0
362601006573,ONEIDA MIDDLE SCHOOL,SCHENECTADY,NY,2,713.0
362616006311,SCHUYLERVILLE MIDDLE SCHOOL,SCHUYLERVILLE,NY,2,380.0
362631003610,SCOTIA-GLENVILLE MIDDLE SCHOOL,SCOTIA,NY,2,572.0
362637003613,NORTH SHORE MIDDLE SCHOOL,GLEN HEAD,NY,2,581.0
362640003618,SEAFORD MIDDLE SCHOOL,SEAFORD,NY,2,519.0
362643004706,SENECA FALLS MIDDLE SCHOOL,SENECA FALLS,NY,2,297.0
362667001421,ACADIA MIDDLE SCHOOL,CLIFTON PARK,NY,2,747.0
362667003635,GOWANA MIDDLE SCHOOL,CLIFTON PARK,NY,2,701.0
362667003637,KODA MIDDLE SCHOOL,CLIFTON PARK,NY,2,743.0
362670003644,SHERBURNE-EARLVILLE MIDDLE SCHOOL,SHERBURNE,NY,2,289.0
362676004371,VERNON-VERONA-SHERRILL MIDDLE SCHOOL,VERONA,NY,2,303.0
362684003658,ALBERT G PRODELL MIDDLE SCHOOL,SHOREHAM,NY,2,478.0
362685003664,SIDNEY MIDDLE SCHOOL,SIDNEY,NY,2,168.0
362688005588,SILVER CREEK MIDDLE SCHOOL,SILVER CREEK,NY,2,261.0
362694003667,SKANEATELES MIDDLE SCHOOL,SKANEATELES,NY,2,309.0
362700002831,JOHN F KENNEDY MIDDLE SCHOOL,CHEEKTOWAGA,NY,2,280.0
362706004257,GREAT HOLLOW MIDDLE SCHOOL,NESCONSET,NY,2,917.0
362706005746,NESAQUAKE MIDDLE SCHOOL,SAINT JAMES,NY,2,559.0
362706005840,ACCOMPSETT MIDDLE SCHOOL,SMITHTOWN,NY,2,568.0
362715005736,SOLVAY MIDDLE SCHOOL,SYRACUSE,NY,2,475.0
362718003702,SOMERS MIDDLE SCHOOL,SOMERS,NY,2,699.0
362721003710,SAND CREEK MIDDLE SCHOOL,ALBANY,NY,2,815.0
362721004496,LISHA KILL MIDDLE SCHOOL,ALBANY,NY,2,630.0
362724003717,OLIVER W WINCH MIDDLE SCHOOL,SOUTH GLENS FALLS,NY,2,734.0
362730003724,HENRY L STIMSON MIDDLE SCHOOL,HUNTINGTON STATION,NY,2,974.0
362730006282,SILAS WOOD 6TH GRADE CENTER,HUNTINGTON STATION,NY,2,454.0
362736001137,SOUTH LEWIS MIDDLE SCHOOL,TURIN,NY,2,298.0
362745003739,SOUTH ORANGETOWN MIDDLE SCHOOL,BLAUVELT,NY,2,694.0
362766003755,SOUTHWESTERN MIDDLE SCHOOL,JAMESTOWN,NY,2,330.0
362775003758,SPENCER-VAN ETTEN MIDDLE SCHOOL,SPENCER,NY,2,245.0
362778003761,A M COSGROVE MIDDLE SCHOOL,SPENCERPORT,NY,2,879.0
362781003768,ELDORADO ELEMENTARY SCHOOL,CHESTNUT RIDGE,NY,2,519.0
362781003773,KAKIAT ELEMENTARY SCHOOL,SPRING VALLEY,NY,2,628.0
362781003775,LIME KILN ELEMENTARY SCHOOL,SUFFERN,NY,2,532.0
362781003778,POMONA MIDDLE SCHOOL,SUFFERN,NY,2,571.0
362781003781,CHESTNUT RIDGE MIDDLE SCHOOL,CHESTNUT RIDGE,NY,2,588.0
362796005388,ST LAWRENCE MIDDLE SCHOOL,BRASHER FALLS,NY,2,312.0
362805005590,STARPOINT MIDDLE SCHOOL,LOCKPORT,NY,2,703.0
362820003806,PAUL J GELINAS JUNIOR HIGH SCHOOL,SETAUKET,NY,2,740.0
362820003807,ROBERT CUSHMAN MURPHY JUNIOR HIGH SCHOOL,STONY BROOK,NY,2,714.0
362832003817,SUFFERN MIDDLE SCHOOL,SUFFERN,NY,2,1006.0
362838003824,RICHARD T STANK MIDDLE SCHOOL,CONKLIN,NY,2,325.0
362850003831,SWEET HOME MIDDLE SCHOOL,AMHERST,NY,2,764.0
362856003838,H B THOMPSON MIDDLE SCHOOL,SYOSSET,NY,2,851.0
362856003841,SOUTH WOODS MIDDLE SCHOOL,SYOSSET,NY,2,733.0
362859003849,CLARY MIDDLE SCHOOL,SYRACUSE,NY,2,398.0
362859003862,GRANT MIDDLE SCHOOL,SYRACUSE,NY,2,718.0
362859003868,LINCOLN MIDDLE SCHOOL,SYRACUSE,NY,2,536.0
362859006134,EXPEDITIONARY LEARNING MIDDLE SCHOOL,SYRACUSE,NY,2,173.0
362859006677,BRIGHTON ACADEMY,SYRACUSE,NY,2,346.0
362859006702,SYRACUSE STEM AT BLODGETT,SYRACUSE,NY,2,417.0
362865005886,SLEEPY HOLLOW MIDDLE SCHOOL,NORTH TARRYTOWN,NY,2,606.0
362868003894,TICONDEROGA MIDDLE SCHOOL,TICONDEROGA,NY,2,174.0
362871003898,TIOGA MIDDLE SCHOOL,TIOGA CENTER,NY,2,289.0
362895003919,TROY MIDDLE SCHOOL,TROY,NY,2,890.0
362898003922,RUSSELL I DOIG MIDDLE SCHOOL,TRUMANSBURG,NY,2,314.0
362904002757,TUCKAHOE MIDDLE SCHOOL,EASTCHESTER,NY,2,268.0
362924006140,UNATEGO MIDDLE SCHOOL,OTEGO,NY,2,176.0
362925006575,UNION SPRINGS MIDDLE SCHOOL,UNION SPRINGS,NY,2,185.0
362928003940,LAWRENCE ROAD MIDDLE SCHOOL,HEMPSTEAD,NY,2,802.0
362928003943,TURTLE HOOK MIDDLE SCHOOL,UNIONDALE,NY,2,802.0
362937003952,JOHN F KENNEDY MIDDLE SCHOOL,UTICA,NY,2,687.0
362937003962,SENATOR JAMES H DONOVAN MIDDLE SCHOOL,UTICA,NY,2,717.0
362940001521,VALHALLA MIDDLE SCHOOL,VALHALLA,NY,2,336.0
362952003981,VALLEY STREAM MEMORIAL JUNIOR HIGH SCHOOL,VALLEY STREAM,NY,2,982.0
362961003985,VESTAL MIDDLE SCHOOL,VESTAL,NY,2,756.0
362964003993,VICTOR INTERMEDIATE SCHOOL,VICTOR,NY,2,972.0
362964003994,VICTOR JUNIOR HIGH SCHOOL,VICTOR,NY,2,653.0
362967006128,VOORHEESVILLE MIDDLE SCHOOL,VOORHEESVILLE,NY,2,252.0
362979004003,JOHN G BORDEN MIDDLE SCHOOL,WALLKILL,NY,2,478.0
362982004791,WALTON MIDDLE SCHOOL,WALTON,NY,2,218.0
362985004010,WANTAGH MIDDLE SCHOOL,WANTAGH,NY,2,640.0
362988004024,VAN WYCK JUNIOR HIGH SCHOOL,WAPPINGERS FALLS,NY,2,910.0
362988004026,WAPPINGERS JUNIOR HIGH SCHOOL,WAPPINGERS FALLS,NY,2,832.0
362997004035,WARWICK VALLEY MIDDLE SCHOOL,WARWICK,NY,2,1056.0
363003004039,WASHINGTONVILLE MIDDLE SCHOOL,WASHINGTONVILLE,NY,2,952.0
363012004047,CASE MIDDLE SCHOOL,WATERTOWN,NY,2,573.0
363012004048,HAROLD T WILEY SCHOOL,WATERTOWN,NY,2,662.0
363027005437,WAVERLY MIDDLE SCHOOL,WAVERLY,NY,2,460.0
363033004076,WAYNE CENTRAL MIDDLE SCHOOL,ONTARIO CENTER,NY,2,693.0
363036001207,SPRY MIDDLE SCHOOL,WEBSTER,NY,2,980.0
363036004081,WILLINK MIDDLE SCHOOL,WEBSTER,NY,2,961.0
363039005848,EUGENE BROOKS MIDDLE SCHOOL,AMENIA,NY,2,262.0
363054004105,WEST BABYLON JUNIOR HIGH SCHOOL,WEST BABYLON,NY,2,896.0
363063004111,CAMILLUS MIDDLE SCHOOL,CAMILLUS,NY,2,405.0
363063004118,WEST GENESEE MIDDLE SCHOOL,CAMILLUS,NY,2,607.0
363066000501,WEST HEMPSTEAD MIDDLE SCHOOL,WEST HEMPSTEAD,NY,2,278.0
363066004122,GEORGE WASHINGTON SCHOOL,WEST HEMPSTEAD,NY,2,373.0
363069004126,BEACH STREET MIDDLE SCHOOL,WEST ISLIP,NY,2,485.0
363069004134,UDALL ROAD MIDDLE SCHOOL,WEST ISLIP,NY,2,494.0
363078004144,EAST MIDDLE SCHOOL,WEST SENECA,NY,2,811.0
363078004150,WEST MIDDLE SCHOOL,WEST SENECA,NY,2,827.0
363093004155,MOUNT MARKHAM MIDDLE SCHOOL,WEST WINFIELD,NY,2,319.0
363096004161,WESTBURY MIDDLE SCHOOL,WESTBURY,NY,2,1165.0
363099003239,WESTFIELD MIDDLE SCHOOL,WESTFIELD,NY,2,154.0
363102004167,WESTHAMPTON MIDDLE SCHOOL,WESTHAMPTON BEACH,NY,2,428.0
363126004177,WHITE PLAINS MIDDLE SCHOOL,WHITE PLAINS,NY,2,1666.0
363132004194,PARKWAY MIDDLE SCHOOL,WHITESBORO,NY,2,252.0
363132004196,WHITESBORO MIDDLE SCHOOL,WHITESBORO,NY,2,513.0
363138004201,TIOUGHNIOGA RIVERSIDE ACADEMY,WHITNEY POINT,NY,2,536.0
363144004204,WILLIAMSON MIDDLE SCHOOL,WILLIAMSON,NY,2,303.0
363147000457,TRANSIT MIDDLE SCHOOL,EAST AMHERST,NY,2,935.0
363147004213,HEIM MIDDLE SCHOOL,WILLIAMSVILLE,NY,2,662.0
363147004216,MILL MIDDLE SCHOOL,WILLIAMSVILLE,NY,2,823.0
363147004756,CASEY MIDDLE SCHOOL,EAST AMHERST,NY,2,629.0
363171004230,WOODMERE MIDDLE SCHOOL,HEWLETT,NY,2,655.0
363180004235,MILTON L OLIVE MIDDLE SCHOOL,WYANDANCH,NY,2,615.0
363192004249,CROSS HILL ACADEMY,YONKERS,NY,2,329.0
363192005591,YONKERS MIDDLE SCHOOL,YONKERS,NY,2,647.0
363198004282,MILDRED E STRANG MIDDLE SCHOOL,YORKTOWN HEIGHTS,NY,2,809.0
363201004855,CUBA-RUSHFORD MIDDLE SCHOOL,CUBA,NY,2,185.0
